model,n_params_B,train_dataset,eval_dataset,n_shots,seed,accuracy,f1_macro,parse_rate,intra_cross
Phi-3 3.8B,3.8,rte3,rte3,0,42,0.5531135531135531,0.4477488654727672,1.0,Intra
Phi-3 3.8B,3.8,sick,rte3,0,42,0.5531135531135531,0.4477488654727672,1.0,Cross
Phi-3 3.8B,3.8,gqnli,rte3,0,42,0.5531135531135531,0.4477488654727672,1.0,Cross
Phi-3 3.8B,3.8,fracas-gq,rte3,0,42,0.5531135531135531,0.4477488654727672,1.0,Cross
Phi-3 3.8B,3.8,daccord,sick,10,999,0.71,0.6916962033959827,1.0,Cross
Phi-3 3.8B,3.8,rte3,sick,10,999,0.63,0.5753950996449153,1.0,Cross
Phi-3 3.8B,3.8,sick,sick,10,999,0.75,0.7448088683714044,1.0,Intra
Phi-3 3.8B,3.8,gqnli,sick,10,999,0.79,0.784660504799147,1.0,Cross
Phi-3 3.8B,3.8,fracas-gq,sick,10,999,0.7123745819397993,0.697519847257046,0.9966666666666668,Cross
Phi-3 3.8B,3.8,daccord,sick,10,123,0.69,0.6498045150532681,1.0,Cross
Phi-3 3.8B,3.8,rte3,sick,10,123,0.7866666666666666,0.7759758699682928,1.0,Cross
Phi-3 3.8B,3.8,sick,sick,10,123,0.8466666666666667,0.8432150955020479,1.0,Intra
Phi-3 3.8B,3.8,gqnli,sick,10,123,0.78,0.7694771353307939,1.0,Cross
Phi-3 3.8B,3.8,fracas-gq,sick,10,123,0.7566666666666667,0.749915974716521,1.0,Cross
Phi-3 3.8B,3.8,daccord,sick,10,42,0.6766666666666666,0.6335119187808954,1.0,Cross
Phi-3 3.8B,3.8,rte3,sick,10,42,0.68,0.6335619073483151,1.0,Cross
Phi-3 3.8B,3.8,sick,sick,10,42,0.69,0.6484467519093795,1.0,Intra
Phi-3 3.8B,3.8,gqnli,sick,10,42,0.68,0.6370602591643553,1.0,Cross
Phi-3 3.8B,3.8,fracas-gq,sick,10,42,0.7333333333333333,0.720877376136413,1.0,Cross
Phi-3 3.8B,3.8,daccord,sick,5,999,0.8033333333333333,0.7976555866211039,1.0,Cross
Phi-3 3.8B,3.8,rte3,sick,5,999,0.7833333333333333,0.7764869266583632,1.0,Cross
Phi-3 3.8B,3.8,sick,sick,5,999,0.76,0.7480094329627679,1.0,Intra
Phi-3 3.8B,3.8,gqnli,sick,5,999,0.78,0.7699704986279802,1.0,Cross
Phi-3 3.8B,3.8,fracas-gq,sick,5,999,0.8133333333333334,0.8116096106541016,1.0,Cross
Phi-3 3.8B,3.8,daccord,sick,5,123,0.8160535117056856,0.8126134347742368,0.9966666666666668,Cross
Phi-3 3.8B,3.8,rte3,sick,5,123,0.7766666666666666,0.7614977614977615,1.0,Cross
Phi-3 3.8B,3.8,sick,sick,5,123,0.8033333333333333,0.7905589872645465,1.0,Intra
Phi-3 3.8B,3.8,gqnli,sick,5,123,0.8,0.7888338269917217,1.0,Cross
Phi-3 3.8B,3.8,fracas-gq,sick,5,123,0.82,0.8153091414596725,1.0,Cross
Phi-3 3.8B,3.8,daccord,sick,5,42,0.77,0.7584055401248279,1.0,Cross
Phi-3 3.8B,3.8,rte3,sick,5,42,0.7166666666666667,0.6864963977412865,1.0,Cross
Phi-3 3.8B,3.8,sick,sick,5,42,0.8333333333333334,0.8309794510535978,1.0,Intra
Phi-3 3.8B,3.8,gqnli,sick,5,42,0.7866666666666666,0.7776128196064569,1.0,Cross
Phi-3 3.8B,3.8,fracas-gq,sick,5,42,0.82,0.8164212979739484,1.0,Cross
Phi-3 3.8B,3.8,daccord,sick,3,999,0.7591973244147158,0.747521514018976,0.9966666666666668,Cross
Phi-3 3.8B,3.8,rte3,sick,3,999,0.7833333333333333,0.7764869266583632,1.0,Cross
Phi-3 3.8B,3.8,sick,sick,3,999,0.76,0.7480094329627679,1.0,Intra
Phi-3 3.8B,3.8,gqnli,sick,3,999,0.78,0.7699704986279802,1.0,Cross
Phi-3 3.8B,3.8,fracas-gq,sick,3,999,0.8133333333333334,0.8116096106541016,1.0,Cross
Phi-3 3.8B,3.8,daccord,sick,3,123,0.83,0.8260815096112437,1.0,Cross
Phi-3 3.8B,3.8,rte3,sick,3,123,0.7766666666666666,0.7614977614977615,1.0,Cross
Phi-3 3.8B,3.8,sick,sick,3,123,0.8033333333333333,0.7905589872645465,1.0,Intra
Phi-3 3.8B,3.8,gqnli,sick,3,123,0.8,0.7888338269917217,1.0,Cross
Phi-3 3.8B,3.8,fracas-gq,sick,3,123,0.82,0.8153091414596725,1.0,Cross
Phi-3 3.8B,3.8,daccord,sick,3,42,0.7333333333333333,0.7157558210478441,1.0,Cross
Phi-3 3.8B,3.8,rte3,sick,3,42,0.7166666666666667,0.6864963977412865,1.0,Cross
Phi-3 3.8B,3.8,sick,sick,3,42,0.8333333333333334,0.8309794510535978,1.0,Intra
Phi-3 3.8B,3.8,gqnli,sick,3,42,0.7866666666666666,0.7776128196064569,1.0,Cross
Phi-3 3.8B,3.8,fracas-gq,sick,3,42,0.82,0.8164212979739484,1.0,Cross
Phi-3 3.8B,3.8,daccord,sick,1,999,0.7666666666666667,0.751701616535709,1.0,Cross
Phi-3 3.8B,3.8,rte3,sick,1,999,0.7933333333333333,0.7852137950155571,1.0,Cross
Phi-3 3.8B,3.8,sick,sick,1,999,0.79,0.7774120661542044,1.0,Intra
Phi-3 3.8B,3.8,gqnli,sick,1,999,0.79,0.7752179521210412,1.0,Cross
Phi-3 3.8B,3.8,fracas-gq,sick,1,999,0.7633333333333333,0.7473676917190158,1.0,Cross
Phi-3 3.8B,3.8,daccord,sick,1,123,0.78,0.7633996767907494,1.0,Cross
Phi-3 3.8B,3.8,rte3,sick,1,123,0.73,0.6853813559322034,1.0,Cross
Phi-3 3.8B,3.8,sick,sick,1,123,0.8093645484949833,0.7939085205205078,0.9966666666666668,Intra
Phi-3 3.8B,3.8,gqnli,sick,1,123,0.7866666666666666,0.7697914165840061,1.0,Cross
Phi-3 3.8B,3.8,fracas-gq,sick,1,123,0.7878787878787878,0.7711443621898745,0.99,Cross
Phi-3 3.8B,3.8,daccord,sick,1,42,0.7633333333333333,0.7393626449984402,1.0,Cross
Phi-3 3.8B,3.8,rte3,sick,1,42,0.7123745819397993,0.6733833874458875,0.9966666666666668,Cross
Phi-3 3.8B,3.8,sick,sick,1,42,0.7566666666666667,0.7251059516252706,1.0,Intra
Phi-3 3.8B,3.8,gqnli,sick,1,42,0.76,0.740606461959144,1.0,Cross
Phi-3 3.8B,3.8,fracas-gq,sick,1,42,0.7190635451505016,0.6767690564444209,0.9966666666666668,Cross
Phi-3 3.8B,3.8,daccord,sick,0,999,0.6333333333333333,0.5161764141688179,1.0,Cross
Phi-3 3.8B,3.8,rte3,sick,0,999,0.6333333333333333,0.5161764141688179,1.0,Cross
Phi-3 3.8B,3.8,sick,sick,0,999,0.6333333333333333,0.5161764141688179,1.0,Intra
Phi-3 3.8B,3.8,gqnli,sick,0,999,0.6333333333333333,0.5161764141688179,1.0,Cross
Phi-3 3.8B,3.8,fracas-gq,sick,0,999,0.6333333333333333,0.5161764141688179,1.0,Cross
Phi-3 3.8B,3.8,daccord,sick,0,123,0.6333333333333333,0.5127854401762985,1.0,Cross
Phi-3 3.8B,3.8,rte3,sick,0,123,0.6333333333333333,0.5127854401762985,1.0,Cross
Phi-3 3.8B,3.8,sick,sick,0,123,0.6333333333333333,0.5127854401762985,1.0,Intra
Phi-3 3.8B,3.8,gqnli,sick,0,123,0.6333333333333333,0.5127854401762985,1.0,Cross
Phi-3 3.8B,3.8,fracas-gq,sick,0,123,0.6333333333333333,0.5127854401762985,1.0,Cross
Phi-3 3.8B,3.8,daccord,sick,0,42,0.6266666666666667,0.5146531438293909,1.0,Cross
Phi-3 3.8B,3.8,rte3,sick,0,42,0.6266666666666667,0.5146531438293909,1.0,Cross
Phi-3 3.8B,3.8,sick,sick,0,42,0.6266666666666667,0.5146531438293909,1.0,Intra
Phi-3 3.8B,3.8,gqnli,sick,0,42,0.6266666666666667,0.5146531438293909,1.0,Cross
Phi-3 3.8B,3.8,fracas-gq,sick,0,42,0.6266666666666667,0.5146531438293909,1.0,Cross
Phi-3 3.8B,3.8,daccord,gqnli,10,999,0.4033898305084746,0.3534507874500406,0.9833333333333332,Cross
Phi-3 3.8B,3.8,rte3,gqnli,10,999,0.35,0.2745460893854748,1.0,Cross
Phi-3 3.8B,3.8,sick,gqnli,10,999,0.4066666666666667,0.3739599133628559,1.0,Cross
Phi-3 3.8B,3.8,gqnli,gqnli,10,999,0.4533333333333333,0.4077364471730669,1.0,Intra
Phi-3 3.8B,3.8,fracas-gq,gqnli,10,999,0.3933333333333333,0.3799474462300589,1.0,Cross
Phi-3 3.8B,3.8,daccord,gqnli,10,123,0.3724832214765101,0.2927384970267638,0.9933333333333332,Cross
Phi-3 3.8B,3.8,rte3,gqnli,10,123,0.3933333333333333,0.3608806945585692,1.0,Cross
Phi-3 3.8B,3.8,sick,gqnli,10,123,0.3766666666666666,0.3609098228663446,1.0,Cross
Phi-3 3.8B,3.8,gqnli,gqnli,10,123,0.45,0.386050156739812,1.0,Intra
Phi-3 3.8B,3.8,fracas-gq,gqnli,10,123,0.3866666666666666,0.3323505107630026,1.0,Cross
Phi-3 3.8B,3.8,daccord,gqnli,10,42,0.38,0.3392499223210021,1.0,Cross
Phi-3 3.8B,3.8,rte3,gqnli,10,42,0.3633333333333333,0.2971601975028589,1.0,Cross
Phi-3 3.8B,3.8,sick,gqnli,10,42,0.34,0.2883961404955837,1.0,Cross
Phi-3 3.8B,3.8,gqnli,gqnli,10,42,0.47,0.3955668409356782,1.0,Intra
Phi-3 3.8B,3.8,fracas-gq,gqnli,10,42,0.3766666666666666,0.3590073072368007,1.0,Cross
Phi-3 3.8B,3.8,daccord,gqnli,5,999,0.42,0.4117435424370649,1.0,Cross
Phi-3 3.8B,3.8,rte3,gqnli,5,999,0.4266666666666667,0.4060671754681186,1.0,Cross
Phi-3 3.8B,3.8,sick,gqnli,5,999,0.4133333333333334,0.40298589454634,1.0,Cross
Phi-3 3.8B,3.8,gqnli,gqnli,5,999,0.4433333333333333,0.4057098025334185,1.0,Intra
Phi-3 3.8B,3.8,fracas-gq,gqnli,5,999,0.4533333333333333,0.4430615254951538,1.0,Cross
Phi-3 3.8B,3.8,daccord,gqnli,5,123,0.3633333333333333,0.320313758886565,1.0,Cross
Phi-3 3.8B,3.8,rte3,gqnli,5,123,0.42,0.4023449492552483,1.0,Cross
Phi-3 3.8B,3.8,sick,gqnli,5,123,0.3866666666666666,0.3560747789442021,1.0,Cross
Phi-3 3.8B,3.8,gqnli,gqnli,5,123,0.4733333333333334,0.3945378151260504,1.0,Intra
Phi-3 3.8B,3.8,fracas-gq,gqnli,5,123,0.4066666666666667,0.3729582143354105,1.0,Cross
Phi-3 3.8B,3.8,daccord,gqnli,5,42,0.4233333333333333,0.403881524193785,1.0,Cross
Phi-3 3.8B,3.8,rte3,gqnli,5,42,0.3866666666666666,0.3271599766882785,1.0,Cross
Phi-3 3.8B,3.8,sick,gqnli,5,42,0.3933333333333333,0.3842426090014346,1.0,Cross
Phi-3 3.8B,3.8,gqnli,gqnli,5,42,0.46,0.3925249059331844,1.0,Intra
Phi-3 3.8B,3.8,fracas-gq,gqnli,5,42,0.4366666666666666,0.4200576165472733,1.0,Cross
Phi-3 3.8B,3.8,daccord,gqnli,3,999,0.3678929765886287,0.3272623778588583,0.9966666666666668,Cross
Phi-3 3.8B,3.8,rte3,gqnli,3,999,0.4266666666666667,0.4060671754681186,1.0,Cross
Phi-3 3.8B,3.8,sick,gqnli,3,999,0.4133333333333334,0.40298589454634,1.0,Cross
Phi-3 3.8B,3.8,gqnli,gqnli,3,999,0.4433333333333333,0.4057098025334185,1.0,Intra
Phi-3 3.8B,3.8,fracas-gq,gqnli,3,999,0.4533333333333333,0.4430615254951538,1.0,Cross
Phi-3 3.8B,3.8,daccord,gqnli,3,123,0.38,0.342765983764126,1.0,Cross
Phi-3 3.8B,3.8,rte3,gqnli,3,123,0.42,0.4023449492552483,1.0,Cross
Phi-3 3.8B,3.8,sick,gqnli,3,123,0.3866666666666666,0.3560747789442021,1.0,Cross
Phi-3 3.8B,3.8,gqnli,gqnli,3,123,0.4733333333333334,0.3945378151260504,1.0,Intra
Phi-3 3.8B,3.8,fracas-gq,gqnli,3,123,0.4066666666666667,0.3729582143354105,1.0,Cross
Phi-3 3.8B,3.8,daccord,gqnli,3,42,0.3866666666666666,0.3470669975837401,1.0,Cross
Phi-3 3.8B,3.8,rte3,gqnli,3,42,0.3866666666666666,0.3271599766882785,1.0,Cross
Phi-3 3.8B,3.8,sick,gqnli,3,42,0.3933333333333333,0.3842426090014346,1.0,Cross
Phi-3 3.8B,3.8,gqnli,gqnli,3,42,0.46,0.3925249059331844,1.0,Intra
Phi-3 3.8B,3.8,fracas-gq,gqnli,3,42,0.4366666666666666,0.4200576165472733,1.0,Cross
Phi-3 3.8B,3.8,daccord,gqnli,1,999,0.4233333333333333,0.3795505913152972,1.0,Cross
Phi-3 3.8B,3.8,rte3,gqnli,1,999,0.4433333333333333,0.4147222884237647,1.0,Cross
Phi-3 3.8B,3.8,sick,gqnli,1,999,0.4013377926421405,0.3694113732829376,0.9966666666666668,Cross
Phi-3 3.8B,3.8,gqnli,gqnli,1,999,0.4366666666666666,0.392793250955606,1.0,Intra
Phi-3 3.8B,3.8,fracas-gq,gqnli,1,999,0.3966666666666666,0.3482059057107791,1.0,Cross
Phi-3 3.8B,3.8,daccord,gqnli,1,123,0.3633333333333333,0.2912429034012656,1.0,Cross
Phi-3 3.8B,3.8,rte3,gqnli,1,123,0.3566666666666667,0.2932339132836233,1.0,Cross
Phi-3 3.8B,3.8,sick,gqnli,1,123,0.3812709030100334,0.33666744054068,0.9966666666666668,Cross
Phi-3 3.8B,3.8,gqnli,gqnli,1,123,0.4033333333333333,0.3267146646456991,1.0,Intra
Phi-3 3.8B,3.8,fracas-gq,gqnli,1,123,0.3851351351351351,0.3213412551666644,0.9866666666666668,Cross
Phi-3 3.8B,3.8,daccord,gqnli,1,42,0.4,0.3602681813466127,1.0,Cross
Phi-3 3.8B,3.8,rte3,gqnli,1,42,0.3926174496644295,0.3362635665485418,0.9933333333333332,Cross
Phi-3 3.8B,3.8,sick,gqnli,1,42,0.3866666666666666,0.3140024380264657,1.0,Cross
Phi-3 3.8B,3.8,gqnli,gqnli,1,42,0.4166666666666667,0.3552507495638108,1.0,Intra
Phi-3 3.8B,3.8,fracas-gq,gqnli,1,42,0.3745819397993311,0.3207767351086956,0.9966666666666668,Cross
Phi-3 3.8B,3.8,daccord,gqnli,0,999,0.3933333333333333,0.3163084295159766,1.0,Cross
Phi-3 3.8B,3.8,rte3,gqnli,0,999,0.3933333333333333,0.3163084295159766,1.0,Cross
Phi-3 3.8B,3.8,sick,gqnli,0,999,0.3933333333333333,0.3163084295159766,1.0,Cross
Phi-3 3.8B,3.8,gqnli,gqnli,0,999,0.3933333333333333,0.3163084295159766,1.0,Intra
Phi-3 3.8B,3.8,fracas-gq,gqnli,0,999,0.3933333333333333,0.3163084295159766,1.0,Cross
Phi-3 3.8B,3.8,daccord,gqnli,0,123,0.3933333333333333,0.3163084295159766,1.0,Cross
Phi-3 3.8B,3.8,rte3,gqnli,0,123,0.3933333333333333,0.3163084295159766,1.0,Cross
Phi-3 3.8B,3.8,sick,gqnli,0,123,0.3933333333333333,0.3163084295159766,1.0,Cross
Phi-3 3.8B,3.8,gqnli,gqnli,0,123,0.3933333333333333,0.3163084295159766,1.0,Intra
Phi-3 3.8B,3.8,fracas-gq,gqnli,0,123,0.3933333333333333,0.3163084295159766,1.0,Cross
Phi-3 3.8B,3.8,daccord,gqnli,0,42,0.3933333333333333,0.3163084295159766,1.0,Cross
Phi-3 3.8B,3.8,rte3,gqnli,0,42,0.3933333333333333,0.3163084295159766,1.0,Cross
Phi-3 3.8B,3.8,sick,gqnli,0,42,0.3933333333333333,0.3163084295159766,1.0,Cross
Phi-3 3.8B,3.8,gqnli,gqnli,0,42,0.3933333333333333,0.3163084295159766,1.0,Intra
Phi-3 3.8B,3.8,fracas-gq,gqnli,0,42,0.3933333333333333,0.3163084295159766,1.0,Cross
Phi-3 3.8B,3.8,daccord,fracas-gq,10,999,0.6,0.5606837606837606,1.0,Cross
Phi-3 3.8B,3.8,rte3,fracas-gq,10,999,0.7333333333333333,0.7146464646464646,1.0,Cross
Phi-3 3.8B,3.8,sick,fracas-gq,10,999,0.6666666666666666,0.6166666666666667,1.0,Cross
Phi-3 3.8B,3.8,gqnli,fracas-gq,10,999,0.6666666666666666,0.626984126984127,1.0,Cross
Phi-3 3.8B,3.8,fracas-gq,fracas-gq,10,999,0.6,0.5662337662337662,1.0,Intra
Phi-3 3.8B,3.8,daccord,fracas-gq,10,123,0.5333333333333333,0.4999999999999999,1.0,Cross
Phi-3 3.8B,3.8,rte3,fracas-gq,10,123,0.8,0.8502673796791443,1.0,Cross
Phi-3 3.8B,3.8,sick,fracas-gq,10,123,0.6666666666666666,0.626984126984127,1.0,Cross
Phi-3 3.8B,3.8,gqnli,fracas-gq,10,123,0.6,0.5564102564102563,1.0,Cross
Phi-3 3.8B,3.8,fracas-gq,fracas-gq,10,123,0.6,0.5586635586635587,1.0,Intra
Phi-3 3.8B,3.8,daccord,fracas-gq,10,42,0.6,0.5606837606837606,1.0,Cross
Phi-3 3.8B,3.8,rte3,fracas-gq,10,42,0.6,0.5793650793650794,1.0,Cross
Phi-3 3.8B,3.8,sick,fracas-gq,10,42,0.5333333333333333,0.4999999999999999,1.0,Cross
Phi-3 3.8B,3.8,gqnli,fracas-gq,10,42,0.5333333333333333,0.4999999999999999,1.0,Cross
Phi-3 3.8B,3.8,fracas-gq,fracas-gq,10,42,0.5333333333333333,0.5256410256410257,1.0,Intra
Phi-3 3.8B,3.8,daccord,fracas-gq,5,999,0.6666666666666666,0.6666666666666666,1.0,Cross
Phi-3 3.8B,3.8,rte3,fracas-gq,5,999,0.7333333333333333,0.8055555555555555,1.0,Cross
Phi-3 3.8B,3.8,sick,fracas-gq,5,999,0.6666666666666666,0.6138528138528138,1.0,Cross
Phi-3 3.8B,3.8,gqnli,fracas-gq,5,999,0.7333333333333333,0.8055555555555555,1.0,Cross
Phi-3 3.8B,3.8,fracas-gq,fracas-gq,5,999,0.8,0.8564102564102565,1.0,Intra
Phi-3 3.8B,3.8,daccord,fracas-gq,5,123,0.6666666666666666,0.6138528138528138,1.0,Cross
Phi-3 3.8B,3.8,rte3,fracas-gq,5,123,0.6,0.5707070707070706,1.0,Cross
Phi-3 3.8B,3.8,sick,fracas-gq,5,123,0.5333333333333333,0.5256410256410257,1.0,Cross
Phi-3 3.8B,3.8,gqnli,fracas-gq,5,123,0.6666666666666666,0.6654456654456654,1.0,Cross
Phi-3 3.8B,3.8,fracas-gq,fracas-gq,5,123,0.6666666666666666,0.6282051282051282,1.0,Intra
Phi-3 3.8B,3.8,daccord,fracas-gq,5,42,0.6666666666666666,0.626984126984127,1.0,Cross
Phi-3 3.8B,3.8,rte3,fracas-gq,5,42,0.6666666666666666,0.6666666666666666,1.0,Cross
Phi-3 3.8B,3.8,sick,fracas-gq,5,42,0.5333333333333333,0.5094017094017094,1.0,Cross
Phi-3 3.8B,3.8,gqnli,fracas-gq,5,42,0.5333333333333333,0.5256410256410257,1.0,Cross
Phi-3 3.8B,3.8,fracas-gq,fracas-gq,5,42,0.6,0.7142857142857143,1.0,Intra
Phi-3 3.8B,3.8,daccord,fracas-gq,3,999,0.6,0.5598845598845599,1.0,Cross
Phi-3 3.8B,3.8,rte3,fracas-gq,3,999,0.7333333333333333,0.8055555555555555,1.0,Cross
Phi-3 3.8B,3.8,sick,fracas-gq,3,999,0.6666666666666666,0.6138528138528138,1.0,Cross
Phi-3 3.8B,3.8,gqnli,fracas-gq,3,999,0.7333333333333333,0.8055555555555555,1.0,Cross
Phi-3 3.8B,3.8,fracas-gq,fracas-gq,3,999,0.8,0.8564102564102565,1.0,Intra
Phi-3 3.8B,3.8,daccord,fracas-gq,3,123,0.4666666666666667,0.4495726495726496,1.0,Cross
Phi-3 3.8B,3.8,rte3,fracas-gq,3,123,0.6,0.5707070707070706,1.0,Cross
Phi-3 3.8B,3.8,sick,fracas-gq,3,123,0.5333333333333333,0.5256410256410257,1.0,Cross
Phi-3 3.8B,3.8,gqnli,fracas-gq,3,123,0.6666666666666666,0.6654456654456654,1.0,Cross
Phi-3 3.8B,3.8,fracas-gq,fracas-gq,3,123,0.6666666666666666,0.6282051282051282,1.0,Intra
Phi-3 3.8B,3.8,daccord,fracas-gq,3,42,0.5333333333333333,0.5043290043290044,1.0,Cross
Phi-3 3.8B,3.8,rte3,fracas-gq,3,42,0.6666666666666666,0.6666666666666666,1.0,Cross
Phi-3 3.8B,3.8,sick,fracas-gq,3,42,0.5333333333333333,0.5094017094017094,1.0,Cross
Phi-3 3.8B,3.8,gqnli,fracas-gq,3,42,0.5333333333333333,0.5256410256410257,1.0,Cross
Phi-3 3.8B,3.8,fracas-gq,fracas-gq,3,42,0.6,0.7142857142857143,1.0,Intra
Phi-3 3.8B,3.8,daccord,fracas-gq,1,999,0.6666666666666666,0.6282051282051282,1.0,Cross
Phi-3 3.8B,3.8,rte3,fracas-gq,1,999,0.6,0.5714285714285715,1.0,Cross
Phi-3 3.8B,3.8,sick,fracas-gq,1,999,0.6666666666666666,0.6654456654456654,1.0,Cross
Phi-3 3.8B,3.8,gqnli,fracas-gq,1,999,0.6666666666666666,0.6654456654456654,1.0,Cross
Phi-3 3.8B,3.8,fracas-gq,fracas-gq,1,999,0.6666666666666666,0.6654456654456654,1.0,Intra
Phi-3 3.8B,3.8,daccord,fracas-gq,1,123,0.6,0.5793650793650794,1.0,Cross
Phi-3 3.8B,3.8,rte3,fracas-gq,1,123,0.6,0.5714285714285715,1.0,Cross
Phi-3 3.8B,3.8,sick,fracas-gq,1,123,0.5333333333333333,0.5051282051282051,1.0,Cross
Phi-3 3.8B,3.8,gqnli,fracas-gq,1,123,0.6666666666666666,0.6654456654456654,1.0,Cross
Phi-3 3.8B,3.8,fracas-gq,fracas-gq,1,123,0.5333333333333333,0.4980574980574981,1.0,Intra
Phi-3 3.8B,3.8,daccord,fracas-gq,1,42,0.4666666666666667,0.4374514374514375,1.0,Cross
Phi-3 3.8B,3.8,rte3,fracas-gq,1,42,0.5333333333333333,0.5256410256410257,1.0,Cross
Phi-3 3.8B,3.8,sick,fracas-gq,1,42,0.5333333333333333,0.5051282051282051,1.0,Cross
Phi-3 3.8B,3.8,gqnli,fracas-gq,1,42,0.6,0.5714285714285715,1.0,Cross
Phi-3 3.8B,3.8,fracas-gq,fracas-gq,1,42,0.5333333333333333,0.5051282051282051,1.0,Intra
Phi-3 3.8B,3.8,daccord,fracas-gq,0,999,0.3333333333333333,0.2738095238095238,1.0,Cross
Phi-3 3.8B,3.8,rte3,fracas-gq,0,999,0.3333333333333333,0.2738095238095238,1.0,Cross
Phi-3 3.8B,3.8,sick,fracas-gq,0,999,0.3333333333333333,0.2738095238095238,1.0,Cross
Phi-3 3.8B,3.8,gqnli,fracas-gq,0,999,0.3333333333333333,0.2738095238095238,1.0,Cross
Phi-3 3.8B,3.8,fracas-gq,fracas-gq,0,999,0.3333333333333333,0.2738095238095238,1.0,Intra
Phi-3 3.8B,3.8,daccord,fracas-gq,0,123,0.3333333333333333,0.2738095238095238,1.0,Cross
Phi-3 3.8B,3.8,rte3,fracas-gq,0,123,0.3333333333333333,0.2738095238095238,1.0,Cross
Phi-3 3.8B,3.8,sick,fracas-gq,0,123,0.3333333333333333,0.2738095238095238,1.0,Cross
Phi-3 3.8B,3.8,gqnli,fracas-gq,0,123,0.3333333333333333,0.2738095238095238,1.0,Cross
Phi-3 3.8B,3.8,fracas-gq,fracas-gq,0,123,0.3333333333333333,0.2738095238095238,1.0,Intra
Phi-3 3.8B,3.8,daccord,fracas-gq,0,42,0.3333333333333333,0.2738095238095238,1.0,Cross
Phi-3 3.8B,3.8,rte3,fracas-gq,0,42,0.3333333333333333,0.2738095238095238,1.0,Cross
Phi-3 3.8B,3.8,sick,fracas-gq,0,42,0.3333333333333333,0.2738095238095238,1.0,Cross
Phi-3 3.8B,3.8,gqnli,fracas-gq,0,42,0.3333333333333333,0.2738095238095238,1.0,Cross
Phi-3 3.8B,3.8,fracas-gq,fracas-gq,0,42,0.3333333333333333,0.2738095238095238,1.0,Intra
DeepSeek R1 8B,8.0,daccord,fracas-gq,10,123,0.0,0.0,0.0666666666666666,Cross
Qwen 2.5 7B,7.0,sick,rte3,5,123,0.7435897435897436,0.7266484663309157,1.0,Cross
Llama 3 8B,8.0,fracas-gq,rte3,3,123,0.663003663003663,0.5954509005514218,1.0,Cross
Qwen 2.5 7B,7.0,gqnli,rte3,5,123,0.73992673992674,0.7258032558861564,1.0,Cross
Llama 3 8B,8.0,daccord,rte3,3,42,0.608058608058608,0.5340947040664018,1.0,Cross
Qwen 2.5 7B,7.0,fracas-gq,rte3,5,123,0.7472527472527473,0.7309720273287318,1.0,Cross
Llama 3 8B,8.0,rte3,rte3,3,42,0.5860805860805861,0.5363316980059548,1.0,Intra
Qwen 2.5 7B,7.0,daccord,rte3,5,42,0.7509157509157509,0.7368599210425021,1.0,Cross
Llama 3 8B,8.0,sick,rte3,3,42,0.6446886446886447,0.6146284002542338,1.0,Cross
Llama 3 8B,8.0,gqnli,rte3,3,42,0.6593406593406593,0.6419676642586859,1.0,Cross
Qwen 2.5 7B,7.0,rte3,rte3,5,42,0.7289377289377289,0.7117243509143449,1.0,Intra
Qwen 2.5 7B,7.0,sick,rte3,5,42,0.684981684981685,0.667473063829057,1.0,Cross
Llama 3 8B,8.0,fracas-gq,rte3,3,42,0.6117216117216118,0.5320313089029877,1.0,Cross
Qwen 2.5 7B,7.0,gqnli,rte3,5,42,0.706959706959707,0.6979740863236009,1.0,Cross
Llama 3 8B,8.0,daccord,rte3,1,999,0.6007326007326007,0.5184333995075683,1.0,Cross
Qwen 2.5 7B,7.0,fracas-gq,rte3,5,42,0.7289377289377289,0.7203047502173135,1.0,Cross
Llama 3 8B,8.0,rte3,rte3,1,999,0.5970695970695971,0.5170392508937525,1.0,Intra
Qwen 2.5 7B,7.0,daccord,rte3,3,999,0.7142857142857143,0.6793704790268098,1.0,Cross
Llama 3 8B,8.0,sick,rte3,1,999,0.6043956043956044,0.5182089053008415,1.0,Cross
Llama 3 8B,8.0,gqnli,rte3,1,999,0.7142857142857143,0.6957386424449155,1.0,Cross
Qwen 2.5 7B,7.0,rte3,rte3,3,999,0.7326007326007326,0.7154597464683868,1.0,Intra
Llama 3 8B,8.0,fracas-gq,rte3,1,999,0.706959706959707,0.6960209301645767,1.0,Cross
Qwen 2.5 7B,7.0,sick,rte3,3,999,0.7216117216117216,0.7109285627962341,1.0,Cross
Llama 3 8B,8.0,daccord,rte3,1,123,0.6227106227106227,0.5510185051163913,1.0,Cross
Qwen 2.5 7B,7.0,gqnli,rte3,3,999,0.7435897435897436,0.7330749774164409,1.0,Cross
Llama 3 8B,8.0,rte3,rte3,1,123,0.6263736263736264,0.5569856194037774,1.0,Intra
Qwen 2.5 7B,7.0,fracas-gq,rte3,3,999,0.7216117216117216,0.6954748855121681,1.0,Cross
Llama 3 8B,8.0,sick,rte3,1,123,0.608058608058608,0.5473135383527747,1.0,Cross
Qwen 2.5 7B,7.0,daccord,rte3,3,123,0.7545787545787546,0.7327103705750999,1.0,Cross
Llama 3 8B,8.0,gqnli,rte3,1,123,0.6446886446886447,0.5753602072203335,1.0,Cross
Qwen 2.5 7B,7.0,rte3,rte3,3,123,0.7509157509157509,0.7436474940103631,1.0,Intra
Llama 3 8B,8.0,fracas-gq,rte3,1,123,0.5970695970695971,0.5242427036888464,1.0,Cross
Qwen 2.5 7B,7.0,sick,rte3,3,123,0.7435897435897436,0.7266484663309157,1.0,Cross
Llama 3 8B,8.0,daccord,rte3,1,42,0.5860805860805861,0.5188501173349659,1.0,Cross
Qwen 2.5 7B,7.0,gqnli,rte3,3,123,0.73992673992674,0.7258032558861564,1.0,Cross
Llama 3 8B,8.0,rte3,rte3,1,42,0.5934065934065934,0.5375133403939499,1.0,Intra
Qwen 2.5 7B,7.0,fracas-gq,rte3,3,123,0.7472527472527473,0.7309720273287318,1.0,Cross
Llama 3 8B,8.0,sick,rte3,1,42,0.6263736263736264,0.6001362350894098,1.0,Cross
Qwen 2.5 7B,7.0,daccord,rte3,3,42,0.7289377289377289,0.7041779868059832,1.0,Cross
Llama 3 8B,8.0,gqnli,rte3,1,42,0.6593406593406593,0.642323116219668,1.0,Cross
Qwen 2.5 7B,7.0,rte3,rte3,3,42,0.7289377289377289,0.7117243509143449,1.0,Intra
Llama 3 8B,8.0,fracas-gq,rte3,1,42,0.6373626373626373,0.5864895157147526,1.0,Cross
Qwen 2.5 7B,7.0,sick,rte3,3,42,0.684981684981685,0.667473063829057,1.0,Cross
Llama 3 8B,8.0,daccord,rte3,0,999,0.663003663003663,0.6284991415921207,1.0,Cross
Llama 3 8B,8.0,rte3,rte3,0,999,0.663003663003663,0.6284991415921207,1.0,Intra
Qwen 2.5 7B,7.0,gqnli,rte3,3,42,0.706959706959707,0.6979740863236009,1.0,Cross
Llama 3 8B,8.0,sick,rte3,0,999,0.663003663003663,0.6284991415921207,1.0,Cross
Qwen 2.5 7B,7.0,fracas-gq,rte3,3,42,0.7289377289377289,0.7203047502173135,1.0,Cross
Llama 3 8B,8.0,gqnli,rte3,0,999,0.663003663003663,0.6284991415921207,1.0,Cross
Qwen 2.5 7B,7.0,daccord,rte3,1,999,0.7252747252747253,0.6959675292553481,1.0,Cross
Llama 3 8B,8.0,fracas-gq,rte3,0,999,0.663003663003663,0.6284991415921207,1.0,Cross
Qwen 2.5 7B,7.0,rte3,rte3,1,999,0.717948717948718,0.6911911911911912,1.0,Intra
Llama 3 8B,8.0,daccord,rte3,0,123,0.63003663003663,0.6013398658744223,1.0,Cross
Qwen 2.5 7B,7.0,sick,rte3,1,999,0.7252747252747253,0.704269882659713,1.0,Cross
Llama 3 8B,8.0,rte3,rte3,0,123,0.63003663003663,0.6013398658744223,1.0,Intra
Qwen 2.5 7B,7.0,gqnli,rte3,1,999,0.7032967032967034,0.6899787048910057,1.0,Cross
Llama 3 8B,8.0,sick,rte3,0,123,0.63003663003663,0.6013398658744223,1.0,Cross
Qwen 2.5 7B,7.0,fracas-gq,rte3,1,999,0.7252747252747253,0.721617834661313,1.0,Cross
Llama 3 8B,8.0,gqnli,rte3,0,123,0.63003663003663,0.6013398658744223,1.0,Cross
Qwen 2.5 7B,7.0,daccord,rte3,1,123,0.7326007326007326,0.7110299114087475,1.0,Cross
Llama 3 8B,8.0,fracas-gq,rte3,0,123,0.63003663003663,0.6013398658744223,1.0,Cross
Qwen 2.5 7B,7.0,rte3,rte3,1,123,0.7435897435897436,0.7137948450733839,1.0,Intra
Llama 3 8B,8.0,daccord,rte3,0,42,0.6373626373626373,0.6063190867744948,1.0,Cross
Qwen 2.5 7B,7.0,sick,rte3,1,123,0.7252747252747253,0.7106403427498931,1.0,Cross
Llama 3 8B,8.0,rte3,rte3,0,42,0.6373626373626373,0.6063190867744948,1.0,Intra
Qwen 2.5 7B,7.0,gqnli,rte3,1,123,0.73992673992674,0.7240032410449379,1.0,Cross
Llama 3 8B,8.0,sick,rte3,0,42,0.6373626373626373,0.6063190867744948,1.0,Cross
Qwen 2.5 7B,7.0,fracas-gq,rte3,1,123,0.7326007326007326,0.711778070619534,1.0,Cross
Llama 3 8B,8.0,gqnli,rte3,0,42,0.6373626373626373,0.6063190867744948,1.0,Cross
Qwen 2.5 7B,7.0,daccord,rte3,1,42,0.706959706959707,0.6798090385365742,1.0,Cross
Llama 3 8B,8.0,fracas-gq,rte3,0,42,0.6373626373626373,0.6063190867744948,1.0,Cross
Qwen 2.5 7B,7.0,rte3,rte3,1,42,0.6996336996336996,0.6677169644936941,1.0,Intra
Qwen 2.5 7B,7.0,sick,rte3,1,42,0.7289377289377289,0.7161074084946358,1.0,Cross
Qwen 2.5 7B,7.0,gqnli,rte3,1,42,0.6996336996336996,0.6890061405015458,1.0,Cross
Llama 3 8B,8.0,daccord,sick,10,999,0.7266666666666667,0.7276013924915912,1.0,Cross
Qwen 2.5 7B,7.0,fracas-gq,rte3,1,42,0.7106227106227107,0.6973075509773802,1.0,Cross
Qwen 2.5 7B,7.0,daccord,rte3,0,999,0.7472527472527473,0.7350468187145628,1.0,Cross
Qwen 2.5 7B,7.0,rte3,rte3,0,999,0.7472527472527473,0.7350468187145628,1.0,Intra
Llama 3 8B,8.0,rte3,sick,10,999,0.8,0.8040417152281986,1.0,Cross
Qwen 2.5 7B,7.0,sick,rte3,0,999,0.7472527472527473,0.7350468187145628,1.0,Cross
Qwen 2.5 7B,7.0,gqnli,rte3,0,999,0.7472527472527473,0.7350468187145628,1.0,Cross
Qwen 2.5 7B,7.0,fracas-gq,rte3,0,999,0.7472527472527473,0.7350468187145628,1.0,Cross
Llama 3 8B,8.0,sick,sick,10,999,0.8533333333333334,0.8510803097905276,1.0,Intra
Qwen 2.5 7B,7.0,daccord,rte3,0,123,0.7509157509157509,0.7379324456480855,1.0,Cross
Qwen 2.5 7B,7.0,rte3,rte3,0,123,0.7509157509157509,0.7379324456480855,1.0,Intra
Qwen 2.5 7B,7.0,sick,rte3,0,123,0.7509157509157509,0.7379324456480855,1.0,Cross
Llama 3 8B,8.0,gqnli,sick,10,999,0.8133333333333334,0.809064009871664,1.0,Cross
Qwen 2.5 7B,7.0,gqnli,rte3,0,123,0.7509157509157509,0.7379324456480855,1.0,Cross
Qwen 2.5 7B,7.0,fracas-gq,rte3,0,123,0.7509157509157509,0.7379324456480855,1.0,Cross
Llama 3 8B,8.0,fracas-gq,sick,10,999,0.82,0.820690703391958,1.0,Cross
Qwen 2.5 7B,7.0,daccord,rte3,0,42,0.717948717948718,0.708136247393341,1.0,Cross
Qwen 2.5 7B,7.0,rte3,rte3,0,42,0.717948717948718,0.708136247393341,1.0,Intra
Qwen 2.5 7B,7.0,sick,rte3,0,42,0.717948717948718,0.708136247393341,1.0,Cross
Llama 3 8B,8.0,daccord,sick,10,123,0.74,0.7459948320413435,1.0,Cross
Qwen 2.5 7B,7.0,gqnli,rte3,0,42,0.717948717948718,0.708136247393341,1.0,Cross
Qwen 2.5 7B,7.0,fracas-gq,rte3,0,42,0.717948717948718,0.708136247393341,1.0,Cross
Llama 3 8B,8.0,rte3,sick,10,123,0.7866666666666666,0.7908421647233393,1.0,Cross
Qwen 2.5 7B,7.0,daccord,sick,10,999,0.84,0.8400565648663729,1.0,Cross
Llama 3 8B,8.0,sick,sick,10,123,0.8166666666666667,0.8145540241376849,1.0,Intra
Qwen 2.5 7B,7.0,rte3,sick,10,999,0.81,0.8104975863318211,1.0,Cross
Llama 3 8B,8.0,gqnli,sick,10,123,0.81,0.8095133082330955,1.0,Cross
Qwen 2.5 7B,7.0,sick,sick,10,999,0.7766666666666666,0.7765959313793189,1.0,Intra
Llama 3 8B,8.0,fracas-gq,sick,10,123,0.7766666666666666,0.7789781632120945,1.0,Cross
Qwen 2.5 7B,7.0,gqnli,sick,10,999,0.7833333333333333,0.7829926095331663,1.0,Cross
Qwen 2.5 7B,7.0,fracas-gq,sick,10,999,0.7066666666666667,0.7031151973063609,1.0,Cross
Llama 3 8B,8.0,daccord,sick,10,42,0.79,0.7961891456271338,1.0,Cross
Qwen 2.5 7B,7.0,daccord,sick,10,123,0.8466666666666667,0.845051811110575,1.0,Cross
Llama 3 8B,8.0,rte3,sick,10,42,0.7966666666666666,0.8009240473937838,1.0,Cross
Qwen 2.5 7B,7.0,rte3,sick,10,123,0.8133333333333334,0.8135860867529079,1.0,Cross
Llama 3 8B,8.0,sick,sick,10,42,0.8,0.7958253129821634,1.0,Intra
Qwen 2.5 7B,7.0,sick,sick,10,123,0.8066666666666666,0.8069569963988233,1.0,Intra
Llama 3 8B,8.0,gqnli,sick,10,42,0.8,0.7968084203378321,1.0,Cross
Qwen 2.5 7B,7.0,gqnli,sick,10,123,0.8066666666666666,0.8061373245412985,1.0,Cross
Llama 3 8B,8.0,fracas-gq,sick,10,42,0.78,0.7827436422696232,1.0,Cross
Qwen 2.5 7B,7.0,fracas-gq,sick,10,123,0.8433333333333334,0.8443922796035471,1.0,Cross
Llama 3 8B,8.0,daccord,sick,5,999,0.7433333333333333,0.7463794363422617,1.0,Cross
Llama 3 8B,8.0,rte3,sick,5,999,0.8266666666666667,0.826716252872893,1.0,Cross
Llama 3 8B,8.0,sick,sick,5,999,0.8066666666666666,0.8100419156034678,1.0,Intra
Qwen 2.5 7B,7.0,daccord,sick,10,42,0.8,0.7950586206092813,1.0,Cross
Llama 3 8B,8.0,gqnli,sick,5,999,0.83,0.8324028239664862,1.0,Cross
Llama 3 8B,8.0,fracas-gq,sick,5,999,0.78,0.7828259373925008,1.0,Cross
Qwen 2.5 7B,7.0,rte3,sick,10,42,0.8033333333333333,0.7994666091512723,1.0,Cross
Qwen 2.5 7B,7.0,sick,sick,10,42,0.7666666666666667,0.7598833062265918,1.0,Intra
Llama 3 8B,8.0,daccord,sick,5,123,0.7366666666666667,0.7382206987964185,1.0,Cross
Llama 3 8B,8.0,rte3,sick,5,123,0.81,0.8115445951599897,1.0,Cross
Qwen 2.5 7B,7.0,gqnli,sick,10,42,0.7333333333333333,0.7271535188672665,1.0,Cross
Llama 3 8B,8.0,sick,sick,5,123,0.8533333333333334,0.8537003082616117,1.0,Intra
Qwen 2.5 7B,7.0,fracas-gq,sick,10,42,0.7566666666666667,0.7531338590153892,1.0,Cross
Llama 3 8B,8.0,gqnli,sick,5,123,0.8133333333333334,0.8154075186795939,1.0,Cross
Llama 3 8B,8.0,fracas-gq,sick,5,123,0.7666666666666667,0.771839379397519,1.0,Cross
Qwen 2.5 7B,7.0,daccord,sick,5,999,0.8633333333333333,0.8642759311439208,1.0,Cross
Qwen 2.5 7B,7.0,rte3,sick,5,999,0.83,0.830806242674727,1.0,Cross
Llama 3 8B,8.0,daccord,sick,5,42,0.7933333333333333,0.7982237517158662,1.0,Cross
Qwen 2.5 7B,7.0,sick,sick,5,999,0.7266666666666667,0.7212987882264992,1.0,Intra
Llama 3 8B,8.0,rte3,sick,5,42,0.81,0.8120699751134534,1.0,Cross
Qwen 2.5 7B,7.0,gqnli,sick,5,999,0.7966666666666666,0.7978460928505532,1.0,Cross
Llama 3 8B,8.0,sick,sick,5,42,0.8366666666666667,0.8391550473617343,1.0,Intra
Qwen 2.5 7B,7.0,fracas-gq,sick,5,999,0.8,0.80119062398392,1.0,Cross
Llama 3 8B,8.0,gqnli,sick,5,42,0.7933333333333333,0.7873552602222449,1.0,Cross
Qwen 2.5 7B,7.0,daccord,sick,5,123,0.84,0.8403337498111662,1.0,Cross
Llama 3 8B,8.0,fracas-gq,sick,5,42,0.7966666666666666,0.8023049075680655,1.0,Cross
Qwen 2.5 7B,7.0,rte3,sick,5,123,0.8166666666666667,0.8162182319558875,1.0,Cross
Llama 3 8B,8.0,daccord,sick,3,999,0.67,0.6706728989263236,1.0,Cross
Qwen 2.5 7B,7.0,sick,sick,5,123,0.8333333333333334,0.8315237711603588,1.0,Intra
Llama 3 8B,8.0,rte3,sick,3,999,0.8266666666666667,0.826716252872893,1.0,Cross
Qwen 2.5 7B,7.0,gqnli,sick,5,123,0.8066666666666666,0.8070252457051669,1.0,Cross
Llama 3 8B,8.0,sick,sick,3,999,0.8066666666666666,0.8100419156034678,1.0,Intra
Qwen 2.5 7B,7.0,fracas-gq,sick,5,123,0.83,0.8300945714110397,1.0,Cross
Llama 3 8B,8.0,gqnli,sick,3,999,0.83,0.8324028239664862,1.0,Cross
Qwen 2.5 7B,7.0,daccord,sick,5,42,0.8166666666666667,0.8124999630759904,1.0,Cross
Llama 3 8B,8.0,fracas-gq,sick,3,999,0.78,0.7828259373925008,1.0,Cross
Qwen 2.5 7B,7.0,rte3,sick,5,42,0.8033333333333333,0.7999344581728002,1.0,Cross
Llama 3 8B,8.0,daccord,sick,3,123,0.7033333333333334,0.7085346308008534,1.0,Cross
Qwen 2.5 7B,7.0,sick,sick,5,42,0.8066666666666666,0.8038456284153005,1.0,Intra
Llama 3 8B,8.0,rte3,sick,3,123,0.81,0.8115445951599897,1.0,Cross
Qwen 2.5 7B,7.0,gqnli,sick,5,42,0.7533333333333333,0.7432924712952892,1.0,Cross
Llama 3 8B,8.0,sick,sick,3,123,0.8533333333333334,0.8537003082616117,1.0,Intra
Qwen 2.5 7B,7.0,fracas-gq,sick,5,42,0.7666666666666667,0.7588656124567343,1.0,Cross
Llama 3 8B,8.0,gqnli,sick,3,123,0.8133333333333334,0.8154075186795939,1.0,Cross
Qwen 2.5 7B,7.0,daccord,sick,3,999,0.8733333333333333,0.8746890524606324,1.0,Cross
Llama 3 8B,8.0,fracas-gq,sick,3,123,0.7666666666666667,0.771839379397519,1.0,Cross
Qwen 2.5 7B,7.0,rte3,sick,3,999,0.83,0.830806242674727,1.0,Cross
Qwen 2.5 7B,7.0,sick,sick,3,999,0.7266666666666667,0.7212987882264992,1.0,Intra
Llama 3 8B,8.0,daccord,sick,3,42,0.7833333333333333,0.7895870060327891,1.0,Cross
Qwen 2.5 7B,7.0,gqnli,sick,3,999,0.7966666666666666,0.7978460928505532,1.0,Cross
Llama 3 8B,8.0,rte3,sick,3,42,0.81,0.8120699751134534,1.0,Cross
Qwen 2.5 7B,7.0,fracas-gq,sick,3,999,0.8,0.80119062398392,1.0,Cross
Llama 3 8B,8.0,sick,sick,3,42,0.8366666666666667,0.8391550473617343,1.0,Intra
Qwen 2.5 7B,7.0,daccord,sick,3,123,0.86,0.8617315177260286,1.0,Cross
Llama 3 8B,8.0,gqnli,sick,3,42,0.7933333333333333,0.7873552602222449,1.0,Cross
Qwen 2.5 7B,7.0,rte3,sick,3,123,0.8166666666666667,0.8162182319558875,1.0,Cross
Llama 3 8B,8.0,fracas-gq,sick,3,42,0.7966666666666666,0.8023049075680655,1.0,Cross
Qwen 2.5 7B,7.0,sick,sick,3,123,0.8333333333333334,0.8315237711603588,1.0,Intra
Llama 3 8B,8.0,daccord,sick,1,999,0.7833333333333333,0.7809190505850615,1.0,Cross
Qwen 2.5 7B,7.0,gqnli,sick,3,123,0.8066666666666666,0.8070252457051669,1.0,Cross
Llama 3 8B,8.0,rte3,sick,1,999,0.71,0.7113294471691116,1.0,Cross
Qwen 2.5 7B,7.0,fracas-gq,sick,3,123,0.83,0.8300945714110397,1.0,Cross
Llama 3 8B,8.0,sick,sick,1,999,0.7533333333333333,0.7578353939897093,1.0,Intra
Qwen 2.5 7B,7.0,daccord,sick,3,42,0.8566666666666667,0.8553447373225987,1.0,Cross
Llama 3 8B,8.0,gqnli,sick,1,999,0.8166666666666667,0.8162044092248298,1.0,Cross
Qwen 2.5 7B,7.0,rte3,sick,3,42,0.8033333333333333,0.7999344581728002,1.0,Cross
Llama 3 8B,8.0,fracas-gq,sick,1,999,0.7766666666666666,0.7744987113484886,1.0,Cross
Qwen 2.5 7B,7.0,sick,sick,3,42,0.8066666666666666,0.8038456284153005,1.0,Intra
Llama 3 8B,8.0,daccord,sick,1,123,0.7766666666666666,0.78056453350571,1.0,Cross
Qwen 2.5 7B,7.0,gqnli,sick,3,42,0.7533333333333333,0.7432924712952892,1.0,Cross
Llama 3 8B,8.0,rte3,sick,1,123,0.76,0.7644218891174902,1.0,Cross
Qwen 2.5 7B,7.0,fracas-gq,sick,3,42,0.7666666666666667,0.7588656124567343,1.0,Cross
Llama 3 8B,8.0,sick,sick,1,123,0.7933333333333333,0.7971701358026961,1.0,Intra
Qwen 2.5 7B,7.0,daccord,sick,1,999,0.8566666666666667,0.8576308515011295,1.0,Cross
Llama 3 8B,8.0,gqnli,sick,1,123,0.7166666666666667,0.7146448556168981,1.0,Cross
Qwen 2.5 7B,7.0,rte3,sick,1,999,0.86,0.8609479587529397,1.0,Cross
Llama 3 8B,8.0,fracas-gq,sick,1,123,0.7233333333333334,0.7231686198703233,1.0,Cross
Qwen 2.5 7B,7.0,sick,sick,1,999,0.7933333333333333,0.7954551523808805,1.0,Intra
Llama 3 8B,8.0,daccord,sick,1,42,0.7866666666666666,0.7896351713995169,1.0,Cross
Qwen 2.5 7B,7.0,gqnli,sick,1,999,0.8,0.800777320809107,1.0,Cross
Llama 3 8B,8.0,rte3,sick,1,42,0.7933333333333333,0.7962114508967351,1.0,Cross
Qwen 2.5 7B,7.0,fracas-gq,sick,1,999,0.6933333333333334,0.6875661375661375,1.0,Cross
Llama 3 8B,8.0,sick,sick,1,42,0.7866666666666666,0.7769838152821258,1.0,Intra
Qwen 2.5 7B,7.0,daccord,sick,1,123,0.8166666666666667,0.8151427637314734,1.0,Cross
Llama 3 8B,8.0,gqnli,sick,1,42,0.8,0.7882960413080896,1.0,Cross
Qwen 2.5 7B,7.0,rte3,sick,1,123,0.83,0.8304965430546827,1.0,Cross
Llama 3 8B,8.0,fracas-gq,sick,1,42,0.7933333333333333,0.7989233419465979,1.0,Cross
Qwen 2.5 7B,7.0,sick,sick,1,123,0.8033333333333333,0.7989656272051241,1.0,Intra
Llama 3 8B,8.0,daccord,sick,0,999,0.81,0.8096950760032792,1.0,Cross
Qwen 2.5 7B,7.0,gqnli,sick,1,123,0.8033333333333333,0.8036411506319171,1.0,Cross
Llama 3 8B,8.0,rte3,sick,0,999,0.81,0.8096950760032792,1.0,Cross
Qwen 2.5 7B,7.0,fracas-gq,sick,1,123,0.8166666666666667,0.8166922613363216,1.0,Cross
Llama 3 8B,8.0,sick,sick,0,999,0.81,0.8096950760032792,1.0,Intra
Qwen 2.5 7B,7.0,daccord,sick,1,42,0.8533333333333334,0.8541403716775348,1.0,Cross
Llama 3 8B,8.0,gqnli,sick,0,999,0.81,0.8096950760032792,1.0,Cross
Llama 3 8B,8.0,fracas-gq,sick,0,999,0.81,0.8096950760032792,1.0,Cross
Qwen 2.5 7B,7.0,rte3,sick,1,42,0.8366666666666667,0.8345883808068683,1.0,Cross
Llama 3 8B,8.0,daccord,sick,0,123,0.8233333333333334,0.8250310216830868,1.0,Cross
Qwen 2.5 7B,7.0,sick,sick,1,42,0.7933333333333333,0.7905398667178772,1.0,Intra
Llama 3 8B,8.0,rte3,sick,0,123,0.8233333333333334,0.8250310216830868,1.0,Cross
Qwen 2.5 7B,7.0,gqnli,sick,1,42,0.78,0.7762233452483668,1.0,Cross
Llama 3 8B,8.0,sick,sick,0,123,0.8233333333333334,0.8250310216830868,1.0,Intra
Qwen 2.5 7B,7.0,fracas-gq,sick,1,42,0.7633333333333333,0.7504259853684422,1.0,Cross
Llama 3 8B,8.0,gqnli,sick,0,123,0.8233333333333334,0.8250310216830868,1.0,Cross
Qwen 2.5 7B,7.0,daccord,sick,0,999,0.7566666666666667,0.7551787519529455,1.0,Cross
Llama 3 8B,8.0,fracas-gq,sick,0,123,0.8233333333333334,0.8250310216830868,1.0,Cross
Qwen 2.5 7B,7.0,rte3,sick,0,999,0.7566666666666667,0.7551787519529455,1.0,Cross
Llama 3 8B,8.0,daccord,sick,0,42,0.8233333333333334,0.824810439473696,1.0,Cross
Qwen 2.5 7B,7.0,sick,sick,0,999,0.7566666666666667,0.7551787519529455,1.0,Intra
Qwen 2.5 7B,7.0,gqnli,sick,0,999,0.7566666666666667,0.7551787519529455,1.0,Cross
Llama 3 8B,8.0,rte3,sick,0,42,0.8233333333333334,0.824810439473696,1.0,Cross
Qwen 2.5 7B,7.0,fracas-gq,sick,0,999,0.7566666666666667,0.7551787519529455,1.0,Cross
Llama 3 8B,8.0,sick,sick,0,42,0.8233333333333334,0.824810439473696,1.0,Intra
Qwen 2.5 7B,7.0,daccord,sick,0,123,0.79,0.7866049875571446,1.0,Cross
Llama 3 8B,8.0,gqnli,sick,0,42,0.8233333333333334,0.824810439473696,1.0,Cross
Qwen 2.5 7B,7.0,rte3,sick,0,123,0.79,0.7866049875571446,1.0,Cross
Llama 3 8B,8.0,fracas-gq,sick,0,42,0.8233333333333334,0.824810439473696,1.0,Cross
Qwen 2.5 7B,7.0,sick,sick,0,123,0.79,0.7866049875571446,1.0,Intra
Qwen 2.5 7B,7.0,gqnli,sick,0,123,0.79,0.7866049875571446,1.0,Cross
Llama 3 8B,8.0,daccord,gqnli,10,999,0.3944444444444444,0.2826588892939604,1.0,Cross
Qwen 2.5 7B,7.0,fracas-gq,sick,0,123,0.79,0.7866049875571446,1.0,Cross
Qwen 2.5 7B,7.0,daccord,sick,0,42,0.7766666666666666,0.7686592709372905,1.0,Cross
Llama 3 8B,8.0,rte3,gqnli,10,999,0.3888888888888889,0.2873706004140786,1.0,Cross
Qwen 2.5 7B,7.0,rte3,sick,0,42,0.7766666666666666,0.7686592709372905,1.0,Cross
Llama 3 8B,8.0,sick,gqnli,10,999,0.3888888888888889,0.3609659816556368,1.0,Cross
Qwen 2.5 7B,7.0,sick,sick,0,42,0.7766666666666666,0.7686592709372905,1.0,Intra
Llama 3 8B,8.0,gqnli,gqnli,10,999,0.3611111111111111,0.3289344304714588,1.0,Intra
Qwen 2.5 7B,7.0,gqnli,sick,0,42,0.7766666666666666,0.7686592709372905,1.0,Cross
Qwen 2.5 7B,7.0,fracas-gq,sick,0,42,0.7766666666666666,0.7686592709372905,1.0,Cross
Llama 3 8B,8.0,fracas-gq,gqnli,10,999,0.3944444444444444,0.3338965693804403,1.0,Cross
Qwen 2.5 7B,7.0,daccord,gqnli,10,999,0.4166666666666667,0.3919790437545416,1.0,Cross
Llama 3 8B,8.0,daccord,gqnli,10,123,0.4333333333333333,0.3156856945676822,1.0,Cross
Qwen 2.5 7B,7.0,rte3,gqnli,10,999,0.4611111111111111,0.4315992559668046,1.0,Cross
Llama 3 8B,8.0,rte3,gqnli,10,123,0.4055555555555555,0.3299319727891156,1.0,Cross
Qwen 2.5 7B,7.0,sick,gqnli,10,999,0.4277777777777777,0.3915376676986584,1.0,Cross
Llama 3 8B,8.0,sick,gqnli,10,123,0.4,0.332197399974757,1.0,Cross
Qwen 2.5 7B,7.0,gqnli,gqnli,10,999,0.4166666666666667,0.3798912846792463,1.0,Intra
Llama 3 8B,8.0,gqnli,gqnli,10,123,0.4166666666666667,0.3356643356643357,1.0,Intra
Qwen 2.5 7B,7.0,fracas-gq,gqnli,10,999,0.4055555555555555,0.38125,1.0,Cross
Llama 3 8B,8.0,fracas-gq,gqnli,10,123,0.3388888888888889,0.2717131758081186,1.0,Cross
Qwen 2.5 7B,7.0,daccord,gqnli,10,123,0.3944444444444444,0.383018011003841,1.0,Cross
Llama 3 8B,8.0,daccord,gqnli,10,42,0.4055555555555555,0.2795687253518579,1.0,Cross
Qwen 2.5 7B,7.0,rte3,gqnli,10,123,0.4111111111111111,0.3894179894179894,1.0,Cross
Qwen 2.5 7B,7.0,sick,gqnli,10,123,0.4277777777777777,0.3751462881971864,1.0,Cross
Llama 3 8B,8.0,rte3,gqnli,10,42,0.3944444444444444,0.3413058561412128,1.0,Cross
Qwen 2.5 7B,7.0,gqnli,gqnli,10,123,0.4388888888888889,0.416792486525099,1.0,Intra
Llama 3 8B,8.0,sick,gqnli,10,42,0.3722222222222222,0.3350384941028215,1.0,Cross
Qwen 2.5 7B,7.0,fracas-gq,gqnli,10,123,0.4444444444444444,0.3886447426479045,1.0,Cross
Llama 3 8B,8.0,gqnli,gqnli,10,42,0.3888888888888889,0.3478582770207895,1.0,Intra
Llama 3 8B,8.0,fracas-gq,gqnli,10,42,0.3555555555555555,0.2703394295175735,1.0,Cross
Qwen 2.5 7B,7.0,daccord,gqnli,10,42,0.4333333333333333,0.4081985430300037,1.0,Cross
Llama 3 8B,8.0,daccord,gqnli,5,999,0.4,0.2812033283550245,1.0,Cross
Qwen 2.5 7B,7.0,rte3,gqnli,10,42,0.4,0.369944036245388,1.0,Cross
Llama 3 8B,8.0,rte3,gqnli,5,999,0.4444444444444444,0.3646700629792557,1.0,Cross
Qwen 2.5 7B,7.0,sick,gqnli,10,42,0.4555555555555555,0.412860111569399,1.0,Cross
Llama 3 8B,8.0,sick,gqnli,5,999,0.4166666666666667,0.3291847041847042,1.0,Cross
Llama 3 8B,8.0,gqnli,gqnli,5,999,0.3611111111111111,0.283355553276587,1.0,Intra
Qwen 2.5 7B,7.0,gqnli,gqnli,10,42,0.3833333333333333,0.3602056716810815,1.0,Intra
Llama 3 8B,8.0,fracas-gq,gqnli,5,999,0.3555555555555555,0.2602866389274156,1.0,Cross
Qwen 2.5 7B,7.0,fracas-gq,gqnli,10,42,0.4333333333333333,0.3965032871544996,1.0,Cross
Llama 3 8B,8.0,daccord,gqnli,5,123,0.4333333333333333,0.318915449521752,1.0,Cross
Qwen 2.5 7B,7.0,daccord,gqnli,5,999,0.4055555555555555,0.3649122807017544,1.0,Cross
Llama 3 8B,8.0,rte3,gqnli,5,123,0.3944444444444444,0.3265800865800866,1.0,Cross
Qwen 2.5 7B,7.0,rte3,gqnli,5,999,0.4333333333333333,0.3867313242313242,1.0,Cross
Llama 3 8B,8.0,sick,gqnli,5,123,0.4166666666666667,0.342813555628201,1.0,Cross
Qwen 2.5 7B,7.0,sick,gqnli,5,999,0.4388888888888889,0.3941871144070095,1.0,Cross
Llama 3 8B,8.0,gqnli,gqnli,5,123,0.35,0.3084906575065446,1.0,Intra
Qwen 2.5 7B,7.0,gqnli,gqnli,5,999,0.4944444444444444,0.4709882995093342,1.0,Intra
Llama 3 8B,8.0,fracas-gq,gqnli,5,123,0.3722222222222222,0.2872981910134215,1.0,Cross
Qwen 2.5 7B,7.0,fracas-gq,gqnli,5,999,0.4166666666666667,0.353421078576358,1.0,Cross
Llama 3 8B,8.0,daccord,gqnli,5,42,0.4111111111111111,0.3062297734627832,1.0,Cross
Qwen 2.5 7B,7.0,daccord,gqnli,5,123,0.4055555555555555,0.3739904001205281,1.0,Cross
Qwen 2.5 7B,7.0,rte3,gqnli,5,123,0.4555555555555555,0.4377401465636759,1.0,Cross
Llama 3 8B,8.0,rte3,gqnli,5,42,0.3944444444444444,0.331547676177679,1.0,Cross
Qwen 2.5 7B,7.0,sick,gqnli,5,123,0.4333333333333333,0.3920308894130884,1.0,Cross
Llama 3 8B,8.0,sick,gqnli,5,42,0.4055555555555555,0.3504638946968174,1.0,Cross
Qwen 2.5 7B,7.0,gqnli,gqnli,5,123,0.4444444444444444,0.3982959762437776,1.0,Intra
Llama 3 8B,8.0,gqnli,gqnli,5,42,0.3277777777777778,0.3266048068852626,1.0,Intra
Qwen 2.5 7B,7.0,fracas-gq,gqnli,5,123,0.4333333333333333,0.371043771043771,1.0,Cross
Llama 3 8B,8.0,fracas-gq,gqnli,5,42,0.3888888888888889,0.3027210884353741,1.0,Cross
Llama 3 8B,8.0,daccord,gqnli,3,999,0.4111111111111111,0.2809093516924842,1.0,Cross
Qwen 2.5 7B,7.0,daccord,gqnli,5,42,0.45,0.4324659964518036,1.0,Cross
Llama 3 8B,8.0,rte3,gqnli,3,999,0.4444444444444444,0.3646700629792557,1.0,Cross
Qwen 2.5 7B,7.0,rte3,gqnli,5,42,0.4055555555555555,0.3747743039616569,1.0,Cross
Qwen 2.5 7B,7.0,sick,gqnli,5,42,0.5,0.4684383978367415,1.0,Cross
Llama 3 8B,8.0,sick,gqnli,3,999,0.4166666666666667,0.3291847041847042,1.0,Cross
Qwen 2.5 7B,7.0,gqnli,gqnli,5,42,0.4611111111111111,0.4439053333209906,1.0,Intra
Llama 3 8B,8.0,gqnli,gqnli,3,999,0.3611111111111111,0.283355553276587,1.0,Intra
Qwen 2.5 7B,7.0,fracas-gq,gqnli,5,42,0.4666666666666667,0.4315330060010911,1.0,Cross
Llama 3 8B,8.0,fracas-gq,gqnli,3,999,0.3555555555555555,0.2602866389274156,1.0,Cross
Qwen 2.5 7B,7.0,daccord,gqnli,3,999,0.4333333333333333,0.3675797167868966,1.0,Cross
Llama 3 8B,8.0,daccord,gqnli,3,123,0.4,0.286772164739298,1.0,Cross
Qwen 2.5 7B,7.0,rte3,gqnli,3,999,0.4333333333333333,0.3867313242313242,1.0,Cross
Llama 3 8B,8.0,rte3,gqnli,3,123,0.3944444444444444,0.3265800865800866,1.0,Cross
Qwen 2.5 7B,7.0,sick,gqnli,3,999,0.4388888888888889,0.3941871144070095,1.0,Cross
Llama 3 8B,8.0,sick,gqnli,3,123,0.4166666666666667,0.342813555628201,1.0,Cross
Qwen 2.5 7B,7.0,gqnli,gqnli,3,999,0.4944444444444444,0.4709882995093342,1.0,Intra
Llama 3 8B,8.0,gqnli,gqnli,3,123,0.35,0.3084906575065446,1.0,Intra
Qwen 2.5 7B,7.0,fracas-gq,gqnli,3,999,0.4166666666666667,0.353421078576358,1.0,Cross
Llama 3 8B,8.0,fracas-gq,gqnli,3,123,0.3722222222222222,0.2872981910134215,1.0,Cross
Qwen 2.5 7B,7.0,daccord,gqnli,3,123,0.4444444444444444,0.4097285004743569,1.0,Cross
Llama 3 8B,8.0,daccord,gqnli,3,42,0.3611111111111111,0.2700963546930799,1.0,Cross
Qwen 2.5 7B,7.0,rte3,gqnli,3,123,0.4555555555555555,0.4377401465636759,1.0,Cross
Qwen 2.5 7B,7.0,sick,gqnli,3,123,0.4333333333333333,0.3920308894130884,1.0,Cross
Llama 3 8B,8.0,rte3,gqnli,3,42,0.3944444444444444,0.331547676177679,1.0,Cross
Qwen 2.5 7B,7.0,gqnli,gqnli,3,123,0.4444444444444444,0.3982959762437776,1.0,Intra
Llama 3 8B,8.0,sick,gqnli,3,42,0.4055555555555555,0.3504638946968174,1.0,Cross
Qwen 2.5 7B,7.0,fracas-gq,gqnli,3,123,0.4333333333333333,0.371043771043771,1.0,Cross
Llama 3 8B,8.0,gqnli,gqnli,3,42,0.3277777777777778,0.3266048068852626,1.0,Intra
Qwen 2.5 7B,7.0,daccord,gqnli,3,42,0.4555555555555555,0.4026487406020041,1.0,Cross
Llama 3 8B,8.0,fracas-gq,gqnli,3,42,0.3888888888888889,0.3027210884353741,1.0,Cross
Llama 3 8B,8.0,daccord,gqnli,1,999,0.4222222222222222,0.3395053385592648,1.0,Cross
Qwen 2.5 7B,7.0,rte3,gqnli,3,42,0.4055555555555555,0.3747743039616569,1.0,Cross
Qwen 2.5 7B,7.0,sick,gqnli,3,42,0.5,0.4684383978367415,1.0,Cross
Llama 3 8B,8.0,rte3,gqnli,1,999,0.3722222222222222,0.3040904103576914,1.0,Cross
Llama 3 8B,8.0,sick,gqnli,1,999,0.4,0.2903805496828752,1.0,Cross
Qwen 2.5 7B,7.0,gqnli,gqnli,3,42,0.4611111111111111,0.4439053333209906,1.0,Intra
Qwen 2.5 7B,7.0,fracas-gq,gqnli,3,42,0.4666666666666667,0.4315330060010911,1.0,Cross
Llama 3 8B,8.0,gqnli,gqnli,1,999,0.3611111111111111,0.3312106265991616,1.0,Intra
Qwen 2.5 7B,7.0,daccord,gqnli,1,999,0.3777777777777777,0.321043679264896,1.0,Cross
Llama 3 8B,8.0,fracas-gq,gqnli,1,999,0.3777777777777777,0.3791126594064171,1.0,Cross
Qwen 2.5 7B,7.0,rte3,gqnli,1,999,0.3833333333333333,0.3359138212570983,1.0,Cross
Llama 3 8B,8.0,daccord,gqnli,1,123,0.3722222222222222,0.3256339791978293,1.0,Cross
Qwen 2.5 7B,7.0,sick,gqnli,1,999,0.4444444444444444,0.4078553914790848,1.0,Cross
Llama 3 8B,8.0,rte3,gqnli,1,123,0.3777777777777777,0.2890514696444615,1.0,Cross
Qwen 2.5 7B,7.0,gqnli,gqnli,1,999,0.4611111111111111,0.428411427375158,1.0,Intra
Llama 3 8B,8.0,sick,gqnli,1,123,0.3555555555555555,0.2834425000814677,1.0,Cross
Qwen 2.5 7B,7.0,fracas-gq,gqnli,1,999,0.3888888888888889,0.3700354232006739,1.0,Cross
Llama 3 8B,8.0,gqnli,gqnli,1,123,0.3388888888888889,0.2356589147286821,1.0,Intra
Qwen 2.5 7B,7.0,daccord,gqnli,1,123,0.4222222222222222,0.385793885256191,1.0,Cross
Llama 3 8B,8.0,fracas-gq,gqnli,1,123,0.35,0.2706220783890687,1.0,Cross
Qwen 2.5 7B,7.0,rte3,gqnli,1,123,0.4166666666666667,0.3709018950153928,1.0,Cross
Llama 3 8B,8.0,daccord,gqnli,1,42,0.4055555555555555,0.3216089466089466,1.0,Cross
Qwen 2.5 7B,7.0,sick,gqnli,1,123,0.4611111111111111,0.4249209222386776,1.0,Cross
Llama 3 8B,8.0,rte3,gqnli,1,42,0.4222222222222222,0.357695956562009,1.0,Cross
Qwen 2.5 7B,7.0,gqnli,gqnli,1,123,0.4222222222222222,0.396458605903041,1.0,Intra
Llama 3 8B,8.0,sick,gqnli,1,42,0.4055555555555555,0.3734518566314551,1.0,Cross
Qwen 2.5 7B,7.0,fracas-gq,gqnli,1,123,0.3888888888888889,0.315718763994626,1.0,Cross
Llama 3 8B,8.0,gqnli,gqnli,1,42,0.4333333333333333,0.4089664014919719,1.0,Intra
Qwen 2.5 7B,7.0,daccord,gqnli,1,42,0.4222222222222222,0.3506758764111705,1.0,Cross
Llama 3 8B,8.0,fracas-gq,gqnli,1,42,0.3611111111111111,0.2986317684040021,1.0,Cross
Qwen 2.5 7B,7.0,rte3,gqnli,1,42,0.4111111111111111,0.3569589998161426,1.0,Cross
Qwen 2.5 7B,7.0,sick,gqnli,1,42,0.3888888888888889,0.3292126071945651,1.0,Cross
Llama 3 8B,8.0,daccord,gqnli,0,999,0.4277777777777777,0.3669841269841269,1.0,Cross
Qwen 2.5 7B,7.0,gqnli,gqnli,1,42,0.4277777777777777,0.3927364089546639,1.0,Intra
Llama 3 8B,8.0,rte3,gqnli,0,999,0.4277777777777777,0.3669841269841269,1.0,Cross
Qwen 2.5 7B,7.0,fracas-gq,gqnli,1,42,0.4388888888888889,0.3904116433148691,1.0,Cross
Llama 3 8B,8.0,sick,gqnli,0,999,0.4277777777777777,0.3669841269841269,1.0,Cross
Qwen 2.5 7B,7.0,daccord,gqnli,0,999,0.4777777777777778,0.4529427281140303,1.0,Cross
Llama 3 8B,8.0,gqnli,gqnli,0,999,0.4277777777777777,0.3669841269841269,1.0,Intra
Qwen 2.5 7B,7.0,rte3,gqnli,0,999,0.4777777777777778,0.4529427281140303,1.0,Cross
Llama 3 8B,8.0,fracas-gq,gqnli,0,999,0.4277777777777777,0.3669841269841269,1.0,Cross
Qwen 2.5 7B,7.0,sick,gqnli,0,999,0.4777777777777778,0.4529427281140303,1.0,Cross
Llama 3 8B,8.0,daccord,gqnli,0,123,0.4277777777777777,0.3669841269841269,1.0,Cross
Qwen 2.5 7B,7.0,gqnli,gqnli,0,999,0.4777777777777778,0.4529427281140303,1.0,Intra
Llama 3 8B,8.0,rte3,gqnli,0,123,0.4277777777777777,0.3669841269841269,1.0,Cross
Qwen 2.5 7B,7.0,fracas-gq,gqnli,0,999,0.4777777777777778,0.4529427281140303,1.0,Cross
Llama 3 8B,8.0,sick,gqnli,0,123,0.4277777777777777,0.3669841269841269,1.0,Cross
Qwen 2.5 7B,7.0,daccord,gqnli,0,123,0.4777777777777778,0.4529427281140303,1.0,Cross
Qwen 2.5 7B,7.0,rte3,gqnli,0,123,0.4777777777777778,0.4529427281140303,1.0,Cross
Llama 3 8B,8.0,gqnli,gqnli,0,123,0.4277777777777777,0.3669841269841269,1.0,Intra
Qwen 2.5 7B,7.0,sick,gqnli,0,123,0.4777777777777778,0.4529427281140303,1.0,Cross
Llama 3 8B,8.0,fracas-gq,gqnli,0,123,0.4277777777777777,0.3669841269841269,1.0,Cross
Qwen 2.5 7B,7.0,gqnli,gqnli,0,123,0.4777777777777778,0.4529427281140303,1.0,Intra
Llama 3 8B,8.0,daccord,gqnli,0,42,0.4277777777777777,0.3669841269841269,1.0,Cross
Qwen 2.5 7B,7.0,fracas-gq,gqnli,0,123,0.4777777777777778,0.4529427281140303,1.0,Cross
Llama 3 8B,8.0,rte3,gqnli,0,42,0.4277777777777777,0.3669841269841269,1.0,Cross
Qwen 2.5 7B,7.0,daccord,gqnli,0,42,0.4777777777777778,0.4529427281140303,1.0,Cross
Llama 3 8B,8.0,sick,gqnli,0,42,0.4277777777777777,0.3669841269841269,1.0,Cross
Qwen 2.5 7B,7.0,rte3,gqnli,0,42,0.4777777777777778,0.4529427281140303,1.0,Cross
Llama 3 8B,8.0,gqnli,gqnli,0,42,0.4277777777777777,0.3669841269841269,1.0,Intra
Qwen 2.5 7B,7.0,sick,gqnli,0,42,0.4777777777777778,0.4529427281140303,1.0,Cross
Qwen 2.5 7B,7.0,gqnli,gqnli,0,42,0.4777777777777778,0.4529427281140303,1.0,Intra
Llama 3 8B,8.0,fracas-gq,gqnli,0,42,0.4277777777777777,0.3669841269841269,1.0,Cross
Llama 3 8B,8.0,daccord,fracas-gq,10,999,0.7333333333333333,0.5016835016835017,1.0,Cross
Llama 3 8B,8.0,rte3,fracas-gq,10,999,0.6666666666666666,0.457516339869281,1.0,Cross
Qwen 2.5 7B,7.0,fracas-gq,gqnli,0,42,0.4777777777777778,0.4529427281140303,1.0,Cross
Llama 3 8B,8.0,sick,fracas-gq,10,999,0.5333333333333333,0.3621794871794872,1.0,Cross
Qwen 2.5 7B,7.0,daccord,fracas-gq,10,999,0.8,0.8502673796791443,1.0,Cross
Llama 3 8B,8.0,gqnli,fracas-gq,10,999,0.5333333333333333,0.3682539682539683,1.0,Cross
Qwen 2.5 7B,7.0,rte3,fracas-gq,10,999,0.8,0.8502673796791443,1.0,Cross
Llama 3 8B,8.0,fracas-gq,fracas-gq,10,999,0.6666666666666666,0.4603174603174603,1.0,Intra
Qwen 2.5 7B,7.0,sick,fracas-gq,10,999,0.8,0.8502673796791443,1.0,Cross
Llama 3 8B,8.0,daccord,fracas-gq,10,123,0.7333333333333333,0.5016835016835017,1.0,Cross
Qwen 2.5 7B,7.0,gqnli,fracas-gq,10,999,0.8,0.8502673796791443,1.0,Cross
Llama 3 8B,8.0,rte3,fracas-gq,10,123,0.7333333333333333,0.5016835016835017,1.0,Cross
Qwen 2.5 7B,7.0,fracas-gq,fracas-gq,10,999,0.8,0.8502673796791443,1.0,Intra
Llama 3 8B,8.0,sick,fracas-gq,10,123,0.5333333333333333,0.3682539682539683,1.0,Cross
Qwen 2.5 7B,7.0,daccord,fracas-gq,10,123,0.7333333333333333,0.7146464646464646,1.0,Cross
Llama 3 8B,8.0,gqnli,fracas-gq,10,123,0.6,0.4019607843137256,1.0,Cross
Llama 3 8B,8.0,fracas-gq,fracas-gq,10,123,0.5333333333333333,0.3627450980392158,1.0,Intra
Qwen 2.5 7B,7.0,rte3,fracas-gq,10,123,0.8,0.8502673796791443,1.0,Cross
Qwen 2.5 7B,7.0,sick,fracas-gq,10,123,0.8,0.8502673796791443,1.0,Cross
Llama 3 8B,8.0,daccord,fracas-gq,10,42,0.7333333333333333,0.5016835016835017,1.0,Cross
Qwen 2.5 7B,7.0,gqnli,fracas-gq,10,123,0.8,0.8502673796791443,1.0,Cross
Llama 3 8B,8.0,rte3,fracas-gq,10,42,0.7333333333333333,0.8055555555555555,1.0,Cross
Qwen 2.5 7B,7.0,fracas-gq,fracas-gq,10,123,0.6666666666666666,0.750445632798574,1.0,Intra
Llama 3 8B,8.0,sick,fracas-gq,10,42,0.6,0.4126984126984127,1.0,Cross
Qwen 2.5 7B,7.0,daccord,fracas-gq,10,42,0.8,0.8502673796791443,1.0,Cross
Llama 3 8B,8.0,gqnli,fracas-gq,10,42,0.5333333333333333,0.3682539682539683,1.0,Cross
Qwen 2.5 7B,7.0,rte3,fracas-gq,10,42,0.8,0.8502673796791443,1.0,Cross
Llama 3 8B,8.0,fracas-gq,fracas-gq,10,42,0.7333333333333333,0.5277777777777778,1.0,Intra
Qwen 2.5 7B,7.0,sick,fracas-gq,10,42,0.8,0.8502673796791443,1.0,Cross
Llama 3 8B,8.0,daccord,fracas-gq,5,999,0.7333333333333333,0.5016835016835017,1.0,Cross
Qwen 2.5 7B,7.0,gqnli,fracas-gq,10,42,0.7333333333333333,0.7146464646464646,1.0,Cross
Llama 3 8B,8.0,rte3,fracas-gq,5,999,0.6,0.4126984126984127,1.0,Cross
Llama 3 8B,8.0,sick,fracas-gq,5,999,0.5333333333333333,0.3682539682539683,1.0,Cross
Qwen 2.5 7B,7.0,fracas-gq,fracas-gq,10,42,0.7333333333333333,0.7925925925925926,1.0,Intra
Llama 3 8B,8.0,gqnli,fracas-gq,5,999,0.7333333333333333,0.5016835016835017,1.0,Cross
Qwen 2.5 7B,7.0,daccord,fracas-gq,5,999,0.7333333333333333,0.5016835016835017,1.0,Cross
Llama 3 8B,8.0,fracas-gq,fracas-gq,5,999,0.6666666666666666,0.4777183600713013,1.0,Intra
Qwen 2.5 7B,7.0,rte3,fracas-gq,5,999,0.8,0.8502673796791443,1.0,Cross
Llama 3 8B,8.0,daccord,fracas-gq,5,123,0.6666666666666666,0.457516339869281,1.0,Cross
Qwen 2.5 7B,7.0,sick,fracas-gq,5,999,0.8,0.8502673796791443,1.0,Cross
Llama 3 8B,8.0,rte3,fracas-gq,5,123,0.5333333333333333,0.3621794871794872,1.0,Cross
Qwen 2.5 7B,7.0,gqnli,fracas-gq,5,999,0.7333333333333333,0.8055555555555555,1.0,Cross
Qwen 2.5 7B,7.0,fracas-gq,fracas-gq,5,999,0.7333333333333333,0.8055555555555555,1.0,Intra
Llama 3 8B,8.0,sick,fracas-gq,5,123,0.4666666666666667,0.3206349206349206,1.0,Cross
Llama 3 8B,8.0,gqnli,fracas-gq,5,123,0.5333333333333333,0.3682539682539683,1.0,Cross
Qwen 2.5 7B,7.0,daccord,fracas-gq,5,123,0.8,0.8502673796791443,1.0,Cross
Qwen 2.5 7B,7.0,rte3,fracas-gq,5,123,0.8,0.8502673796791443,1.0,Cross
Llama 3 8B,8.0,fracas-gq,fracas-gq,5,123,0.6,0.4134615384615385,1.0,Intra
Qwen 2.5 7B,7.0,sick,fracas-gq,5,123,0.8,0.8502673796791443,1.0,Cross
Llama 3 8B,8.0,daccord,fracas-gq,5,42,0.7333333333333333,0.5016835016835017,1.0,Cross
Qwen 2.5 7B,7.0,gqnli,fracas-gq,5,123,0.8,0.8502673796791443,1.0,Cross
Llama 3 8B,8.0,rte3,fracas-gq,5,42,0.6666666666666666,0.457516339869281,1.0,Cross
Qwen 2.5 7B,7.0,fracas-gq,fracas-gq,5,123,0.6666666666666666,0.750445632798574,1.0,Intra
Llama 3 8B,8.0,sick,fracas-gq,5,42,0.4666666666666667,0.3206349206349206,1.0,Cross
Qwen 2.5 7B,7.0,daccord,fracas-gq,5,42,0.7333333333333333,0.7146464646464646,1.0,Cross
Llama 3 8B,8.0,gqnli,fracas-gq,5,42,0.6666666666666666,0.7606837606837606,1.0,Cross
Qwen 2.5 7B,7.0,rte3,fracas-gq,5,42,0.8,0.8502673796791443,1.0,Cross
Llama 3 8B,8.0,fracas-gq,fracas-gq,5,42,0.6,0.404040404040404,1.0,Intra
Qwen 2.5 7B,7.0,sick,fracas-gq,5,42,0.8,0.8502673796791443,1.0,Cross
Llama 3 8B,8.0,daccord,fracas-gq,3,999,0.7333333333333333,0.5016835016835017,1.0,Cross
Qwen 2.5 7B,7.0,gqnli,fracas-gq,5,42,0.8,0.8502673796791443,1.0,Cross
Llama 3 8B,8.0,rte3,fracas-gq,3,999,0.6,0.4126984126984127,1.0,Cross
Qwen 2.5 7B,7.0,fracas-gq,fracas-gq,5,42,0.8,0.8502673796791443,1.0,Intra
Qwen 2.5 7B,7.0,daccord,fracas-gq,3,999,0.7333333333333333,0.5016835016835017,1.0,Cross
Llama 3 8B,8.0,sick,fracas-gq,3,999,0.5333333333333333,0.3682539682539683,1.0,Cross
Qwen 2.5 7B,7.0,rte3,fracas-gq,3,999,0.8,0.8502673796791443,1.0,Cross
Llama 3 8B,8.0,gqnli,fracas-gq,3,999,0.7333333333333333,0.5016835016835017,1.0,Cross
Qwen 2.5 7B,7.0,sick,fracas-gq,3,999,0.8,0.8502673796791443,1.0,Cross
Llama 3 8B,8.0,fracas-gq,fracas-gq,3,999,0.6666666666666666,0.4777183600713013,1.0,Intra
Qwen 2.5 7B,7.0,gqnli,fracas-gq,3,999,0.7333333333333333,0.8055555555555555,1.0,Cross
Llama 3 8B,8.0,daccord,fracas-gq,3,123,0.7333333333333333,0.5016835016835017,1.0,Cross
Qwen 2.5 7B,7.0,fracas-gq,fracas-gq,3,999,0.7333333333333333,0.8055555555555555,1.0,Intra
Llama 3 8B,8.0,rte3,fracas-gq,3,123,0.5333333333333333,0.3621794871794872,1.0,Cross
Qwen 2.5 7B,7.0,daccord,fracas-gq,3,123,0.7333333333333333,0.5016835016835017,1.0,Cross
Llama 3 8B,8.0,sick,fracas-gq,3,123,0.4666666666666667,0.3206349206349206,1.0,Cross
Qwen 2.5 7B,7.0,rte3,fracas-gq,3,123,0.8,0.8502673796791443,1.0,Cross
Llama 3 8B,8.0,gqnli,fracas-gq,3,123,0.5333333333333333,0.3682539682539683,1.0,Cross
Qwen 2.5 7B,7.0,sick,fracas-gq,3,123,0.8,0.8502673796791443,1.0,Cross
Llama 3 8B,8.0,fracas-gq,fracas-gq,3,123,0.6,0.4134615384615385,1.0,Intra
Qwen 2.5 7B,7.0,gqnli,fracas-gq,3,123,0.8,0.8502673796791443,1.0,Cross
Llama 3 8B,8.0,daccord,fracas-gq,3,42,0.7333333333333333,0.5016835016835017,1.0,Cross
Qwen 2.5 7B,7.0,fracas-gq,fracas-gq,3,123,0.6666666666666666,0.750445632798574,1.0,Intra
Llama 3 8B,8.0,rte3,fracas-gq,3,42,0.6666666666666666,0.457516339869281,1.0,Cross
Qwen 2.5 7B,7.0,daccord,fracas-gq,3,42,0.7333333333333333,0.8055555555555555,1.0,Cross
Llama 3 8B,8.0,sick,fracas-gq,3,42,0.4666666666666667,0.3206349206349206,1.0,Cross
Qwen 2.5 7B,7.0,rte3,fracas-gq,3,42,0.8,0.8502673796791443,1.0,Cross
Llama 3 8B,8.0,gqnli,fracas-gq,3,42,0.6666666666666666,0.7606837606837606,1.0,Cross
Qwen 2.5 7B,7.0,sick,fracas-gq,3,42,0.8,0.8502673796791443,1.0,Cross
Llama 3 8B,8.0,fracas-gq,fracas-gq,3,42,0.6,0.404040404040404,1.0,Intra
Qwen 2.5 7B,7.0,gqnli,fracas-gq,3,42,0.8,0.8502673796791443,1.0,Cross
Llama 3 8B,8.0,daccord,fracas-gq,1,999,0.6,0.4134615384615385,1.0,Cross
Qwen 2.5 7B,7.0,fracas-gq,fracas-gq,3,42,0.8,0.8502673796791443,1.0,Intra
Llama 3 8B,8.0,rte3,fracas-gq,1,999,0.7333333333333333,0.5016835016835017,1.0,Cross
Qwen 2.5 7B,7.0,daccord,fracas-gq,1,999,0.8,0.8502673796791443,1.0,Cross
Qwen 2.5 7B,7.0,rte3,fracas-gq,1,999,0.8,0.8502673796791443,1.0,Cross
Llama 3 8B,8.0,sick,fracas-gq,1,999,0.6,0.4134615384615385,1.0,Cross
Qwen 2.5 7B,7.0,sick,fracas-gq,1,999,0.7333333333333333,0.8055555555555555,1.0,Cross
Llama 3 8B,8.0,gqnli,fracas-gq,1,999,0.6,0.7083333333333334,1.0,Cross
Qwen 2.5 7B,7.0,gqnli,fracas-gq,1,999,0.8,0.8502673796791443,1.0,Cross
Llama 3 8B,8.0,fracas-gq,fracas-gq,1,999,0.5333333333333333,0.4999999999999999,1.0,Intra
Qwen 2.5 7B,7.0,fracas-gq,fracas-gq,1,999,0.7333333333333333,0.6757575757575758,1.0,Intra
Llama 3 8B,8.0,daccord,fracas-gq,1,123,0.6666666666666666,0.750445632798574,1.0,Cross
Qwen 2.5 7B,7.0,daccord,fracas-gq,1,123,0.7333333333333333,0.8055555555555555,1.0,Cross
Llama 3 8B,8.0,rte3,fracas-gq,1,123,0.6666666666666666,0.4456140350877193,1.0,Cross
Qwen 2.5 7B,7.0,rte3,fracas-gq,1,123,0.7333333333333333,0.8055555555555555,1.0,Cross
Llama 3 8B,8.0,sick,fracas-gq,1,123,0.5333333333333333,0.3627450980392158,1.0,Cross
Qwen 2.5 7B,7.0,sick,fracas-gq,1,123,0.7333333333333333,0.8055555555555555,1.0,Cross
Llama 3 8B,8.0,gqnli,fracas-gq,1,123,0.7333333333333333,0.7925925925925926,1.0,Cross
Qwen 2.5 7B,7.0,gqnli,fracas-gq,1,123,0.7333333333333333,0.8055555555555555,1.0,Cross
Llama 3 8B,8.0,fracas-gq,fracas-gq,1,123,0.6666666666666666,0.4456140350877193,1.0,Intra
Qwen 2.5 7B,7.0,fracas-gq,fracas-gq,1,123,0.7333333333333333,0.8055555555555555,1.0,Intra
Qwen 2.5 7B,7.0,daccord,fracas-gq,1,42,0.8,0.8502673796791443,1.0,Cross
Llama 3 8B,8.0,daccord,fracas-gq,1,42,0.6,0.4126984126984127,1.0,Cross
Qwen 2.5 7B,7.0,rte3,fracas-gq,1,42,0.7333333333333333,0.8055555555555555,1.0,Cross
Llama 3 8B,8.0,rte3,fracas-gq,1,42,0.6,0.6888888888888888,1.0,Cross
Qwen 2.5 7B,7.0,sick,fracas-gq,1,42,0.8,0.8502673796791443,1.0,Cross
Llama 3 8B,8.0,sick,fracas-gq,1,42,0.5333333333333333,0.617933723196881,1.0,Cross
Qwen 2.5 7B,7.0,gqnli,fracas-gq,1,42,0.8,0.8502673796791443,1.0,Cross
Qwen 2.5 7B,7.0,fracas-gq,fracas-gq,1,42,0.6666666666666666,0.6666666666666666,1.0,Intra
Llama 3 8B,8.0,gqnli,fracas-gq,1,42,0.4,0.4074074074074074,1.0,Cross
Qwen 2.5 7B,7.0,daccord,fracas-gq,0,999,0.8,0.8502673796791443,1.0,Cross
Llama 3 8B,8.0,fracas-gq,fracas-gq,1,42,0.6,0.7083333333333334,1.0,Intra
Qwen 2.5 7B,7.0,rte3,fracas-gq,0,999,0.8,0.8502673796791443,1.0,Cross
Llama 3 8B,8.0,daccord,fracas-gq,0,999,0.5333333333333333,0.3682539682539683,1.0,Cross
Qwen 2.5 7B,7.0,sick,fracas-gq,0,999,0.8,0.8502673796791443,1.0,Cross
Llama 3 8B,8.0,rte3,fracas-gq,0,999,0.5333333333333333,0.3682539682539683,1.0,Cross
Qwen 2.5 7B,7.0,gqnli,fracas-gq,0,999,0.8,0.8502673796791443,1.0,Cross
Llama 3 8B,8.0,sick,fracas-gq,0,999,0.5333333333333333,0.3682539682539683,1.0,Cross
Llama 3 8B,8.0,gqnli,fracas-gq,0,999,0.5333333333333333,0.3682539682539683,1.0,Cross
Qwen 2.5 7B,7.0,fracas-gq,fracas-gq,0,999,0.8,0.8502673796791443,1.0,Intra
Qwen 2.5 7B,7.0,daccord,fracas-gq,0,123,0.8,0.8502673796791443,1.0,Cross
Llama 3 8B,8.0,fracas-gq,fracas-gq,0,999,0.5333333333333333,0.3682539682539683,1.0,Intra
Llama 3 8B,8.0,daccord,fracas-gq,0,123,0.5333333333333333,0.3682539682539683,1.0,Cross
Qwen 2.5 7B,7.0,rte3,fracas-gq,0,123,0.8,0.8502673796791443,1.0,Cross
Llama 3 8B,8.0,rte3,fracas-gq,0,123,0.5333333333333333,0.3682539682539683,1.0,Cross
Qwen 2.5 7B,7.0,sick,fracas-gq,0,123,0.8,0.8502673796791443,1.0,Cross
Qwen 2.5 7B,7.0,gqnli,fracas-gq,0,123,0.8,0.8502673796791443,1.0,Cross
Llama 3 8B,8.0,sick,fracas-gq,0,123,0.5333333333333333,0.3682539682539683,1.0,Cross
Llama 3 8B,8.0,gqnli,fracas-gq,0,123,0.5333333333333333,0.3682539682539683,1.0,Cross
Qwen 2.5 7B,7.0,fracas-gq,fracas-gq,0,123,0.8,0.8502673796791443,1.0,Intra
Llama 3 8B,8.0,fracas-gq,fracas-gq,0,123,0.5333333333333333,0.3682539682539683,1.0,Intra
Qwen 2.5 7B,7.0,daccord,fracas-gq,0,42,0.8,0.8502673796791443,1.0,Cross
Qwen 2.5 7B,7.0,rte3,fracas-gq,0,42,0.8,0.8502673796791443,1.0,Cross
Llama 3 8B,8.0,daccord,fracas-gq,0,42,0.5333333333333333,0.3682539682539683,1.0,Cross
Qwen 2.5 7B,7.0,sick,fracas-gq,0,42,0.8,0.8502673796791443,1.0,Cross
Llama 3 8B,8.0,rte3,fracas-gq,0,42,0.5333333333333333,0.3682539682539683,1.0,Cross
Llama 3 8B,8.0,sick,fracas-gq,0,42,0.5333333333333333,0.3682539682539683,1.0,Cross
Qwen 2.5 7B,7.0,gqnli,fracas-gq,0,42,0.8,0.8502673796791443,1.0,Cross
Llama 3 8B,8.0,gqnli,fracas-gq,0,42,0.5333333333333333,0.3682539682539683,1.0,Cross
Qwen 2.5 7B,7.0,fracas-gq,fracas-gq,0,42,0.8,0.8502673796791443,1.0,Intra
Llama 3 8B,8.0,fracas-gq,fracas-gq,0,42,0.5333333333333333,0.3682539682539683,1.0,Intra
Gemma 2 9B,9.0,sick,rte3,0,123,0.7153284671532847,0.6949069003285872,0.5018315018315018,Cross
Mistral 7B,7.0,rte3,rte3,5,42,0.5787545787545788,0.5365401952779479,1.0,Intra
Gemma 2 9B,9.0,gqnli,rte3,0,123,0.7153284671532847,0.6949069003285872,0.5018315018315018,Cross
Mistral 7B,7.0,sick,rte3,5,42,0.575091575091575,0.5337948070742256,1.0,Cross
Gemma 2 9B,9.0,fracas-gq,rte3,0,123,0.7153284671532847,0.6949069003285872,0.5018315018315018,Cross
Mistral 7B,7.0,gqnli,rte3,5,42,0.5787545787545788,0.5431558496518294,1.0,Cross
Gemma 2 9B,9.0,daccord,rte3,0,42,0.7062937062937062,0.6774603174603174,0.5238095238095238,Cross
Mistral 7B,7.0,fracas-gq,rte3,5,42,0.6117216117216118,0.5908372505402458,1.0,Cross
Gemma 2 9B,9.0,rte3,rte3,0,42,0.7062937062937062,0.6774603174603174,0.5238095238095238,Intra
Mistral 7B,7.0,daccord,rte3,3,999,0.6153846153846154,0.5734452054967828,1.0,Cross
Gemma 2 9B,9.0,sick,rte3,0,42,0.7062937062937062,0.6774603174603174,0.5238095238095238,Cross
Mistral 7B,7.0,rte3,rte3,3,999,0.5897435897435898,0.5608582659464728,1.0,Intra
Gemma 2 9B,9.0,gqnli,rte3,0,42,0.7062937062937062,0.6774603174603174,0.5238095238095238,Cross
Mistral 7B,7.0,sick,rte3,3,999,0.6190476190476191,0.5950300432101683,1.0,Cross
Gemma 2 9B,9.0,fracas-gq,rte3,0,42,0.7062937062937062,0.6774603174603174,0.5238095238095238,Cross
Mistral 7B,7.0,gqnli,rte3,3,999,0.6117216117216118,0.5817603420953578,1.0,Cross
Mistral 7B,7.0,fracas-gq,rte3,3,999,0.5934065934065934,0.5559126457833354,1.0,Cross
Mistral 7B,7.0,daccord,rte3,3,123,0.663003663003663,0.62654962397789,1.0,Cross
Gemma 2 9B,9.0,daccord,sick,10,999,0.66,0.6247295349582876,1.0,Cross
Mistral 7B,7.0,rte3,rte3,3,123,0.5787545787545788,0.5396107894122641,1.0,Intra
Mistral 7B,7.0,sick,rte3,3,123,0.6007326007326007,0.5651860654333677,1.0,Cross
Mistral 7B,7.0,gqnli,rte3,3,123,0.6007326007326007,0.5690836940836941,1.0,Cross
Gemma 2 9B,9.0,rte3,sick,10,999,0.7633333333333333,0.7625554417616175,1.0,Cross
Mistral 7B,7.0,fracas-gq,rte3,3,123,0.6483516483516484,0.6259782170229932,1.0,Cross
Mistral 7B,7.0,daccord,rte3,3,42,0.6117216117216118,0.5844054580896686,1.0,Cross
Gemma 2 9B,9.0,sick,sick,10,999,0.8166666666666667,0.8197368421052632,1.0,Intra
Mistral 7B,7.0,rte3,rte3,3,42,0.5787545787545788,0.5365401952779479,1.0,Intra
Mistral 7B,7.0,sick,rte3,3,42,0.575091575091575,0.5337948070742256,1.0,Cross
Gemma 2 9B,9.0,gqnli,sick,10,999,0.6433333333333333,0.6168090896480409,1.0,Cross
Mistral 7B,7.0,gqnli,rte3,3,42,0.5787545787545788,0.5431558496518294,1.0,Cross
Mistral 7B,7.0,fracas-gq,rte3,3,42,0.6117216117216118,0.5908372505402458,1.0,Cross
Gemma 2 9B,9.0,fracas-gq,sick,10,999,0.7,0.6933862433862434,1.0,Cross
Mistral 7B,7.0,daccord,rte3,1,999,0.5860805860805861,0.5082364341085271,1.0,Cross
Mistral 7B,7.0,rte3,rte3,1,999,0.5860805860805861,0.5487528344671202,1.0,Intra
Mistral 7B,7.0,sick,rte3,1,999,0.5641025641025641,0.4770640797684223,1.0,Cross
Gemma 2 9B,9.0,daccord,sick,10,123,0.6733333333333333,0.6489478946597615,1.0,Cross
Mistral 7B,7.0,gqnli,rte3,1,999,0.6153846153846154,0.5867531765341985,1.0,Cross
Mistral 7B,7.0,fracas-gq,rte3,1,999,0.5421245421245421,0.4715612243245101,1.0,Cross
Mistral 7B,7.0,daccord,rte3,1,123,0.6776556776556777,0.6643069169496231,1.0,Cross
Gemma 2 9B,9.0,rte3,sick,10,123,0.6833333333333333,0.6599321377547184,1.0,Cross
Mistral 7B,7.0,rte3,rte3,1,123,0.6043956043956044,0.5797019633581376,1.0,Intra
Mistral 7B,7.0,sick,rte3,1,123,0.6593406593406593,0.6395847235541892,1.0,Cross
Gemma 2 9B,9.0,sick,sick,10,123,0.7866666666666666,0.7846191515199727,1.0,Intra
Mistral 7B,7.0,gqnli,rte3,1,123,0.6666666666666666,0.6434101817820735,1.0,Cross
Mistral 7B,7.0,fracas-gq,rte3,1,123,0.6666666666666666,0.6509132420091325,1.0,Cross
Mistral 7B,7.0,daccord,rte3,1,42,0.5494505494505495,0.4833901676612673,1.0,Cross
Gemma 2 9B,9.0,gqnli,sick,10,123,0.6633333333333333,0.6352300040455963,1.0,Cross
Mistral 7B,7.0,rte3,rte3,1,42,0.6007326007326007,0.5807660341076814,1.0,Intra
Mistral 7B,7.0,sick,rte3,1,42,0.5494505494505495,0.4951679412205728,1.0,Cross
Mistral 7B,7.0,gqnli,rte3,1,42,0.575091575091575,0.5339314469749252,1.0,Cross
Gemma 2 9B,9.0,fracas-gq,sick,10,123,0.6533333333333333,0.6230218280586315,1.0,Cross
Mistral 7B,7.0,fracas-gq,rte3,1,42,0.6227106227106227,0.6055945185692021,1.0,Cross
Mistral 7B,7.0,daccord,rte3,0,999,0.6227106227106227,0.6045345484904864,1.0,Cross
Mistral 7B,7.0,rte3,rte3,0,999,0.6227106227106227,0.6045345484904864,1.0,Intra
Mistral 7B,7.0,sick,rte3,0,999,0.6227106227106227,0.6045345484904864,1.0,Cross
Gemma 2 9B,9.0,daccord,sick,10,42,0.7,0.6865492346669244,1.0,Cross
Mistral 7B,7.0,gqnli,rte3,0,999,0.6227106227106227,0.6045345484904864,1.0,Cross
Mistral 7B,7.0,fracas-gq,rte3,0,999,0.6227106227106227,0.6045345484904864,1.0,Cross
Mistral 7B,7.0,daccord,rte3,0,123,0.6373626373626373,0.6209741012587214,1.0,Cross
Mistral 7B,7.0,rte3,rte3,0,123,0.6373626373626373,0.6209741012587214,1.0,Intra
Gemma 2 9B,9.0,rte3,sick,10,42,0.7266666666666667,0.7245650048875856,1.0,Cross
Mistral 7B,7.0,sick,rte3,0,123,0.6373626373626373,0.6209741012587214,1.0,Cross
Mistral 7B,7.0,gqnli,rte3,0,123,0.6373626373626373,0.6209741012587214,1.0,Cross
Mistral 7B,7.0,fracas-gq,rte3,0,123,0.6373626373626373,0.6209741012587214,1.0,Cross
Gemma 2 9B,9.0,sick,sick,10,42,0.8233333333333334,0.8272118146117985,1.0,Intra
Mistral 7B,7.0,daccord,rte3,0,42,0.6263736263736264,0.6085287103832879,1.0,Cross
Mistral 7B,7.0,rte3,rte3,0,42,0.6263736263736264,0.6085287103832879,1.0,Intra
Mistral 7B,7.0,sick,rte3,0,42,0.6263736263736264,0.6085287103832879,1.0,Cross
Gemma 2 9B,9.0,gqnli,sick,10,42,0.7233333333333334,0.716370386792922,1.0,Cross
Mistral 7B,7.0,gqnli,rte3,0,42,0.6263736263736264,0.6085287103832879,1.0,Cross
Mistral 7B,7.0,fracas-gq,rte3,0,42,0.6263736263736264,0.6085287103832879,1.0,Cross
Gemma 2 9B,9.0,fracas-gq,sick,10,42,0.67,0.6454844942185747,1.0,Cross
Gemma 2 9B,9.0,daccord,sick,5,999,0.6533333333333333,0.6272702199406109,1.0,Cross
Mistral 7B,7.0,daccord,sick,10,999,0.7966666666666666,0.7953780924807455,1.0,Cross
Gemma 2 9B,9.0,rte3,sick,5,999,0.6809338521400778,0.5427037323899437,0.8566666666666667,Cross
Mistral 7B,7.0,rte3,sick,10,999,0.8233333333333334,0.8229177972407408,1.0,Cross
Gemma 2 9B,9.0,sick,sick,5,999,0.8085106382978723,0.6084793473889815,0.47,Intra
Mistral 7B,7.0,sick,sick,10,999,0.78,0.7727594361581289,1.0,Intra
Gemma 2 9B,9.0,gqnli,sick,5,999,0.7229437229437229,0.550929324837064,0.77,Cross
Gemma 2 9B,9.0,fracas-gq,sick,5,999,0.8130841121495327,0.5483288166214996,0.3566666666666667,Cross
Mistral 7B,7.0,gqnli,sick,10,999,0.8066666666666666,0.8037166106401631,1.0,Cross
Gemma 2 9B,9.0,daccord,sick,5,123,0.6421404682274248,0.6041610154907846,0.9966666666666668,Cross
Mistral 7B,7.0,fracas-gq,sick,10,999,0.74,0.7302101251746352,1.0,Cross
Gemma 2 9B,9.0,rte3,sick,5,123,0.673728813559322,0.5453746323082367,0.7866666666666666,Cross
Mistral 7B,7.0,daccord,sick,10,123,0.7533333333333333,0.7501626881485501,1.0,Cross
Gemma 2 9B,9.0,sick,sick,5,123,0.8478260869565217,0.7314968623108157,0.3066666666666666,Intra
Gemma 2 9B,9.0,gqnli,sick,5,123,0.620253164556962,0.4547683572073816,0.2633333333333333,Cross
Mistral 7B,7.0,rte3,sick,10,123,0.7766666666666666,0.7763281839600357,1.0,Cross
Gemma 2 9B,9.0,fracas-gq,sick,5,123,0.7213114754098361,0.5252268024828903,0.4066666666666667,Cross
Mistral 7B,7.0,sick,sick,10,123,0.7133333333333334,0.6754059008391845,1.0,Intra
Gemma 2 9B,9.0,daccord,sick,5,42,0.6933333333333334,0.6750587550175745,1.0,Cross
Mistral 7B,7.0,gqnli,sick,10,123,0.7333333333333333,0.7176971108569599,1.0,Cross
Gemma 2 9B,9.0,rte3,sick,5,42,0.72,0.5489187886790591,0.75,Cross
Gemma 2 9B,9.0,sick,sick,5,42,0.7849462365591398,0.5569561157796452,0.31,Intra
Mistral 7B,7.0,fracas-gq,sick,10,123,0.7733333333333333,0.7650515809647834,1.0,Cross
Gemma 2 9B,9.0,gqnli,sick,5,42,0.7562189054726368,0.6016103053533075,0.67,Cross
Gemma 2 9B,9.0,fracas-gq,sick,5,42,0.7,0.4830141358869129,0.4,Cross
Mistral 7B,7.0,daccord,sick,10,42,0.75,0.742040258206583,1.0,Cross
Gemma 2 9B,9.0,daccord,sick,3,999,0.691358024691358,0.5244465818505079,0.81,Cross
Gemma 2 9B,9.0,rte3,sick,3,999,0.6809338521400778,0.5427037323899437,0.8566666666666667,Cross
Mistral 7B,7.0,rte3,sick,10,42,0.7533333333333333,0.7414937552868587,1.0,Cross
